"","region","cause","year","sex","age","mx_m","mx_l","mx_u"
"1","Gaza Strip","all","23","f",0,0.0243656935,0.022021775,0.02718723
"2","Gaza Strip","all","23","f",1,0.015138440675,0.0129728975,0.01777936
"3","Gaza Strip","all","23","f",5,0.01746264455,0.0149803175,0.0205469225
"4","Gaza Strip","all","23","f",10,0.01564604715,0.013328865,0.01844305
"5","Gaza Strip","all","23","f",15,0.0095818574025,0.0084568495,0.0108472
"6","Gaza Strip","all","23","f",20,0.0110404015125,0.00974872075,0.012516645
"7","Gaza Strip","all","23","f",25,0.0121912071675,0.0107764825,0.0137850075
"8","Gaza Strip","all","23","f",30,0.020506534,0.01750855,0.024109925
"9","Gaza Strip","all","23","f",35,0.017943485975,0.01519907,0.0213225175
"10","Gaza Strip","all","23","f",40,0.0181312586,0.0153309925,0.02148888
"11","Gaza Strip","all","23","f",45,0.0194167668,0.0150899175,0.0253491125
"12","Gaza Strip","all","23","f",50,0.026027977475,0.0205327875,0.03367926
"13","Gaza Strip","all","23","f",55,0.02651356285,0.0212605575,0.0338562925
"14","Gaza Strip","all","23","f",60,0.03999417515,0.03212445,0.05066926
"15","Gaza Strip","all","23","f",65,0.0474655889,0.039626435,0.0581637075
"16","Gaza Strip","all","23","f",70,0.052464747425,0.0466049075,0.060331715
"17","Gaza Strip","all","23","f",75,0.06474685415,0.058163285,0.0740911875
"18","Gaza Strip","all","23","f",80,0.1827006525,0.169170975,0.201097775
"19","Gaza Strip","all","23","m",0,0.0230044346,0.02147677,0.0247270125
"20","Gaza Strip","all","23","m",1,0.01245008835,0.01109425,0.01397863
"21","Gaza Strip","all","23","m",5,0.0133919362,0.0119763975,0.0150079275
"22","Gaza Strip","all","23","m",10,0.01367440005,0.012169895,0.0154136375
"23","Gaza Strip","all","23","m",15,0.01713572065,0.0152910825,0.01922089
"24","Gaza Strip","all","23","m",20,0.023504302225,0.0210942425,0.026348375
"25","Gaza Strip","all","23","m",25,0.02485068485,0.0223877375,0.02772174
"26","Gaza Strip","all","23","m",30,0.02795272845,0.02465455,0.03194208
"27","Gaza Strip","all","23","m",35,0.0252412218,0.02209919,0.02883107
"28","Gaza Strip","all","23","m",40,0.02308110705,0.0201665525,0.0265366325
"29","Gaza Strip","all","23","m",45,0.01495879975,0.01340628,0.0167007575
"30","Gaza Strip","all","23","m",50,0.019812287925,0.017862155,0.0220193125
"31","Gaza Strip","all","23","m",55,0.022509290675,0.020579375,0.02470291
"32","Gaza Strip","all","23","m",60,0.045503720825,0.039314985,0.053304325
"33","Gaza Strip","all","23","m",65,0.0548561927,0.047691,0.0640589975
"34","Gaza Strip","all","23","m",70,0.078444266325,0.070075285,0.0891313525
"35","Gaza Strip","all","23","m",75,0.072299340875,0.063282985,0.084015455
"36","Gaza Strip","all","23","m",80,0.25290030025,0.23987345,0.2698334
"37","Gaza Strip","all","23","t",0,0.0236727621753802,0.0220116286411054,0.0256397034473007
"38","Gaza Strip","all","23","t",1,0.0137698975264213,0.0121309443843367,0.0157487653189339
"39","Gaza Strip","all","23","t",5,0.0153849013973151,0.0135478082184035,0.0176096580883768
"40","Gaza Strip","all","23","t",10,0.014638603307272,0.0128343329780767,0.0168028463793616
"41","Gaza Strip","all","23","t",15,0.0134410487943345,0.012058830932222,0.015027003835125
"42","Gaza Strip","all","23","t",20,0.017408881854439,0.0156476895496956,0.0194651029116977
"43","Gaza Strip","all","23","t",25,0.0186087580172317,0.0168139723057854,0.0207131588893159
"44","Gaza Strip","all","23","t",30,0.0242640592109389,0.0212662776801918,0.0279301068814544
"45","Gaza Strip","all","23","t",35,0.0215935859798846,0.0188485686557826,0.0248242650141241
"46","Gaza Strip","all","23","t",40,0.0205848643551089,0.017951576208543,0.0237629577718851
"47","Gaza Strip","all","23","t",45,0.0171891038788012,0.0144246348562299,0.0207845523624232
"48","Gaza Strip","all","23","t",50,0.0229032454887738,0.0194517444444857,0.0275504981385781
"49","Gaza Strip","all","23","t",55,0.0244595708490109,0.0212717628538156,0.0287671070881554
"50","Gaza Strip","all","23","t",60,0.0428050381700794,0.0362472135521544,0.0515588987922968
"51","Gaza Strip","all","23","t",65,0.0510764583693608,0.0441067967690887,0.060344746083355
"52","Gaza Strip","all","23","t",70,0.0648266861005497,0.0585662473829156,0.0731448886249789
"53","Gaza Strip","all","23","t",75,0.0681141053639489,0.0614365408038458,0.0769463643060931
"54","Gaza Strip","all","23","t",80,0.211790614965741,0.200259894732448,0.226980243698019
"55","Gaza Strip","conflict","23","f",0,0.0123367709525,0.00999284475,0.0151583275
"56","Gaza Strip","conflict","23","f",1,0.0145973121,0.012431795,0.0172382575
"57","Gaza Strip","conflict","23","f",5,0.017199078525,0.01471672,0.020283325
"58","Gaza Strip","conflict","23","f",10,0.015441969125,0.013124765,0.01823895
"59","Gaza Strip","conflict","23","f",15,0.0093039668575,0.0081789595,0.0105693
"60","Gaza Strip","conflict","23","f",20,0.01068420128,0.00939252075,0.012160445
"61","Gaza Strip","conflict","23","f",25,0.011827692605,0.0104129825,0.0134215075
"62","Gaza Strip","conflict","23","f",30,0.01986456235,0.01686655,0.0234679275
"63","Gaza Strip","conflict","23","f",35,0.016871580925,0.01412717,0.0202506175
"64","Gaza Strip","conflict","23","f",40,0.01711167095,0.0143113925,0.02046928
"65","Gaza Strip","conflict","23","f",45,0.017962162075,0.0136353175,0.0238945125
"66","Gaza Strip","conflict","23","f",50,0.022951404725,0.0174561875,0.0306027575
"67","Gaza Strip","conflict","23","f",55,0.0213340323,0.0160810575,0.02867679
"68","Gaza Strip","conflict","23","f",60,0.0320055168,0.02413585,0.04268056
"69","Gaza Strip","conflict","23","f",65,0.030877805725,0.023038635,0.0415759075
"70","Gaza Strip","conflict","23","f",70,0.019218909225,0.0133591075,0.027085915
"71","Gaza Strip","conflict","23","f",75,0.020628019075,0.0140443875,0.029972385
"72","Gaza Strip","conflict","23","f",80,0.0439303794,0.0304009775,0.06232738
"73","Gaza Strip","conflict","23","m",0,0.00940396874,0.00787633025,0.011126515
"74","Gaza Strip","conflict","23","m",1,0.0118537534925,0.0104978525,0.0133823275
"75","Gaza Strip","conflict","23","m",5,0.013031522375,0.0116159,0.0146475275
"76","Gaza Strip","conflict","23","m",10,0.013320534875,0.0118160925,0.0150597375
"77","Gaza Strip","conflict","23","m",15,0.016289214375,0.0144445825,0.01837439
"78","Gaza Strip","conflict","23","m",20,0.02120250045,0.0187924425,0.024046575
"79","Gaza Strip","conflict","23","m",25,0.022396332975,0.0199334375,0.0252673425
"80","Gaza Strip","conflict","23","m",30,0.0257733755,0.02247515,0.0297626825
"81","Gaza Strip","conflict","23","m",35,0.0227847229,0.01964269,0.02637457
"82","Gaza Strip","conflict","23","m",40,0.02044468455,0.0175301525,0.0239002325
"83","Gaza Strip","conflict","23","m",45,0.0118807751675,0.01032828,0.0136227575
"84","Gaza Strip","conflict","23","m",50,0.0144653561,0.012515255,0.016672315
"85","Gaza Strip","conflict","23","m",55,0.014272828825,0.0123428775,0.01646641
"86","Gaza Strip","conflict","23","m",60,0.02915367495,0.022964985,0.036954225
"87","Gaza Strip","conflict","23","m",65,0.033201260675,0.0260361,0.042404
"88","Gaza Strip","conflict","23","m",70,0.036580157,0.028211185,0.0472672525
"89","Gaza Strip","conflict","23","m",75,0.034047651575,0.025031285,0.045763755
"90","Gaza Strip","conflict","23","m",80,0.045409744425,0.0323833425,0.0623432875
"91","Gaza Strip","conflict","23","t",0,0.0108438657292868,0.00918273606721231,0.0128108505783038
"92","Gaza Strip","conflict","23","t",1,0.0132006654253428,0.011561742829112,0.0151795649910494
"93","Gaza Strip","conflict","23","t",5,0.0150719029797187,0.0132347989475237,0.0172966978282459
"94","Gaza Strip","conflict","23","t",10,0.014357989201354,0.0125536903312508,0.0165222535516816
"95","Gaza Strip","conflict","23","t",15,0.0128726582947313,0.0114904439050171,0.0144586119168178
"96","Gaza Strip","conflict","23","t",20,0.0160585686662549,0.014297377382158,0.0181147907441601
"97","Gaza Strip","conflict","23","t",25,0.0171853217811832,0.0153905188536573,0.0192897054371878
"98","Gaza Strip","conflict","23","t",30,0.0228462887240476,0.0198484694068398,0.0265123490473414
"99","Gaza Strip","conflict","23","t",35,0.0198291502409365,0.0170841348907962,0.0230598312491377
"100","Gaza Strip","conflict","23","t",40,0.0187638228155417,0.0161305383546478,0.021941874087912
"101","Gaza Strip","conflict","23","t",45,0.0149232701380796,0.0121588157633758,0.0185187332695692
"102","Gaza Strip","conflict","23","t",50,0.0186853249341892,0.015233825081108,0.0233325310170979
"103","Gaza Strip","conflict","23","t",55,0.0177119869391583,0.0145241280493026,0.0220195210139063
"104","Gaza Strip","conflict","23","t",60,0.030550562568174,0.0239926911602954,0.0393043764004378
"105","Gaza Strip","conflict","23","t",65,0.0320129893675584,0.0250433348092096,0.0412812841234758
"106","Gaza Strip","conflict","23","t",70,0.0274799813854076,0.0212195148322975,0.0357982083701297
"107","Gaza Strip","conflict","23","t",75,0.0266111178174045,0.0199335125083381,0.0354433900405331
"108","Gaza Strip","conflict","23","t",80,0.044543412006711,0.0330122708227654,0.0597329690256832
"109","Gaza Strip","noconflict","23","f",0,0.0120289225475,0.0120289,0.012029
"110","Gaza Strip","noconflict","23","f",1,0.000541128575,0.000541099999999999,0.000541200000000002
"111","Gaza Strip","noconflict","23","f",5,0.000263566025,0.0002635,0.000263600000000003
"112","Gaza Strip","noconflict","23","f",10,0.000204078025,0.000203999999999999,0.000204100000000002
"113","Gaza Strip","noconflict","23","f",15,0.000201454373374172,0.000201413828374171,0.000201483828374171
"114","Gaza Strip","noconflict","23","f",20,0.000314250586478667,0.000314220353978666,0.000314280353978667
"115","Gaza Strip","noconflict","23","f",25,0.000310420862956488,0.000310406300456487,0.000310506300456488
"116","Gaza Strip","noconflict","23","f",30,0.000413652523063876,0.000413580873063873,0.000413680873063876
"117","Gaza Strip","noconflict","23","f",35,0.000785822457775978,0.000785817407775976,0.000785917407775978
"118","Gaza Strip","noconflict","23","f",40,0.000881987995841866,0.000881900345841865,0.000882000345841868
"119","Gaza Strip","noconflict","23","f",45,0.00133554194654979,0.00133553722154979,0.00133563722154979
"120","Gaza Strip","noconflict","23","f",50,0.00257298230483231,0.00257290955483231,0.00257300955483231
"121","Gaza Strip","noconflict","23","f",55,0.00484964846327178,0.00484961791327178,0.00484971791327178
"122","Gaza Strip","noconflict","23","f",60,0.00784301999810801,0.007842961648108,0.00784306164810801
"123","Gaza Strip","noconflict","23","f",65,0.0165179450324362,0.0165178618574362,0.0165179618574362
"124","Gaza Strip","noconflict","23","f",70,0.0332458382,0.0332458,0.0332459
"125","Gaza Strip","noconflict","23","f",75,0.044118835075,0.0441188,0.0441189
"126","Gaza Strip","noconflict","23","f",80,0.1387702731,0.1387698,0.1387707
"127","Gaza Strip","noconflict","23","m",0,0.0135719062067608,0.0135718403467608,0.0135719503467608
"128","Gaza Strip","noconflict","23","m",1,0.000589087972750856,0.000589053115250856,0.000589153115250857
"129","Gaza Strip","noconflict","23","m",5,0.000353621559356338,0.000353607734356337,0.000353707734356338
"130","Gaza Strip","noconflict","23","m",10,0.000346849141008193,0.000346783966008192,0.000346883966008193
"131","Gaza Strip","noconflict","23","m",15,0.000293608445425183,0.000293602170425181,0.000293702170425183
"132","Gaza Strip","noconflict","23","m",20,0.00048496992959734,0.000484968154597339,0.000484968154597343
"133","Gaza Strip","noconflict","23","m",25,0.000760536047840546,0.000760484172840546,0.000760584172840549
"134","Gaza Strip","noconflict","23","m",30,0.000700060497281175,0.000700007547281174,0.000700107547281177
"135","Gaza Strip","noconflict","23","m",35,0.00110228567936692,0.00110228677936692,0.00110228677936692
"136","Gaza Strip","noconflict","23","m",40,0.00143650171008292,0.00143647921008292,0.00143657921008292
"137","Gaza Strip","noconflict","23","m",45,0.00202902987429431,0.00202900529179431,0.00202910529179431
"138","Gaza Strip","noconflict","23","m",50,0.00435063729324711,0.00435060546824711,0.00435070546824711
"139","Gaza Strip","noconflict","23","m",55,0.00719237713886579,0.00719231528886579,0.00719241528886579
"140","Gaza Strip","noconflict","23","m",60,0.0151848293224841,0.0151847834474841,0.0151848834474841
"141","Gaza Strip","noconflict","23","m",65,0.0200466402271163,0.0200466082021163,0.0200467082021163
"142","Gaza Strip","noconflict","23","m",70,0.0397399798193351,0.039739970494335,0.0397400704943351
"143","Gaza Strip","noconflict","23","m",75,0.0360334402983974,0.0360333509983974,0.0360334509983974
"144","Gaza Strip","noconflict","23","m",80,0.202665406783581,0.202664950958581,0.202665850958581
"145","Gaza Strip","noconflict","23","t",0,0.0128143585221542,0.0128143139269835,0.0128144139269835
"146","Gaza Strip","noconflict","23","t",1,0.000565542973585905,0.000565511200391884,0.000565611200391885
"147","Gaza Strip","noconflict","23","t",5,0.000309531555758365,0.000309492174325833,0.000309592174325835
"148","Gaza Strip","noconflict","23","t",10,0.000277029153902258,0.000276957694810213,0.000277057694810215
"149","Gaza Strip","noconflict","23","t",15,0.000248534945252338,0.000248511908444459,0.000248582561830142
"150","Gaza Strip","noconflict","23","t",20,0.000401480323438112,0.00040146463141252,0.00040150375508984
"151","Gaza Strip","noconflict","23","t",25,0.000538600663077543,0.000538567185510738,0.000538667185510738
"152","Gaza Strip","noconflict","23","t",30,0.000558180736900064,0.000558118523360784,0.000558218523360785
"153","Gaza Strip","noconflict","23","t",35,0.0009441074977356,0.000944105523773916,0.000944155506890704
"154","Gaza Strip","noconflict","23","t",40,0.00115685662147598,0.00115680126588187,0.00115690126588187
"155","Gaza Strip","noconflict","23","t",45,0.00168208047534745,0.00168206582747993,0.00168211585710339
"156","Gaza Strip","noconflict","23","t",50,0.00346663945390507,0.00346658727759291,0.00346668727759292
"157","Gaza Strip","noconflict","23","t",55,0.00605135148191282,0.00605130487657322,0.00605140487657322
"158","Gaza Strip","noconflict","23","t",60,0.0115886682870411,0.0115886163015434,0.0115887163015435
"159","Gaza Strip","noconflict","23","t",65,0.0182419797784404,0.0182419215940878,0.0182420215940878
"160","Gaza Strip","noconflict","23","t",70,0.0363359716531085,0.0363359471928156,0.0363360471928156
"161","Gaza Strip","noconflict","23","t",75,0.0405139885697224,0.0405139293186856,0.0405140293186856
"162","Gaza Strip","noconflict","23","t",80,0.165247714229309,0.165247331165681,0.165248106848978
"163","Gaza Strip","all","23_24","f",0,0.03485067265,0.030871545,0.039714665
"164","Gaza Strip","all","23_24","f",1,0.021687172,0.01849937,0.0256147825
"165","Gaza Strip","all","23_24","f",5,0.025166566075,0.0216146875,0.0295217325
"166","Gaza Strip","all","23_24","f",10,0.0252616584,0.0215977775,0.0296963025
"167","Gaza Strip","all","23_24","f",15,0.016184507125,0.0144046,0.0182465125
"168","Gaza Strip","all","23_24","f",20,0.01789244405,0.015835865,0.02026451
"169","Gaza Strip","all","23_24","f",25,0.018994837,0.01684593,0.021471015
"170","Gaza Strip","all","23_24","f",30,0.030201442525,0.02574669,0.03560525
"171","Gaza Strip","all","23_24","f",35,0.02845258085,0.0241650225,0.0336164375
"172","Gaza Strip","all","23_24","f",40,0.028693861775,0.02432795,0.03381197
"173","Gaza Strip","all","23_24","f",45,0.032556312575,0.0252070125,0.04271338
"174","Gaza Strip","all","23_24","f",50,0.03758129755,0.0293597025,0.048868125
"175","Gaza Strip","all","23_24","f",55,0.045587154225,0.036057365,0.0591266475
"176","Gaza Strip","all","23_24","f",60,0.055854623525,0.04419499,0.072280545
"177","Gaza Strip","all","23_24","f",65,0.0706992116,0.0571604025,0.0893835525
"178","Gaza Strip","all","23_24","f",70,0.091561742625,0.0769223375,0.112535275
"179","Gaza Strip","all","23_24","f",75,0.1039164241,0.08791448,0.126182025
"180","Gaza Strip","all","23_24","f",80,0.28010288,0.24516785,0.3294794
"181","Gaza Strip","all","23_24","m",0,0.032807748225,0.03015397,0.03577851
"182","Gaza Strip","all","23_24","m",1,0.0175447757,0.015718115,0.0196981175
"183","Gaza Strip","all","23_24","m",5,0.019797961275,0.017643995,0.0222564025
"184","Gaza Strip","all","23_24","m",10,0.023912087875,0.0213114725,0.0268556475
"185","Gaza Strip","all","23_24","m",15,0.0410288654,0.03676467,0.0459323325
"186","Gaza Strip","all","23_24","m",20,0.053747204525,0.0483480975,0.060007235
"187","Gaza Strip","all","23_24","m",25,0.0602102341,0.054168605,0.0670893025
"188","Gaza Strip","all","23_24","m",30,0.064468871,0.056696145,0.073725695
"189","Gaza Strip","all","23_24","m",35,0.064086349275,0.0562467325,0.073406445
"190","Gaza Strip","all","23_24","m",40,0.057471096475,0.0503093675,0.0659054625
"191","Gaza Strip","all","23_24","m",45,0.0362571363,0.03260256,0.0404445
"192","Gaza Strip","all","23_24","m",50,0.04122712205,0.037175325,0.0457321775
"193","Gaza Strip","all","23_24","m",55,0.04300746865,0.038819065,0.0476555825
"194","Gaza Strip","all","23_24","m",60,0.092149751375,0.07806044,0.110613025
"195","Gaza Strip","all","23_24","m",65,0.111708426875,0.0939651175,0.1341678
"196","Gaza Strip","all","23_24","m",70,0.143608288,0.12315775,0.169553075
"197","Gaza Strip","all","23_24","m",75,0.1448357365,0.121850225,0.17369065
"198","Gaza Strip","all","23_24","m",80,0.35151837,0.32069865,0.391152525
"199","Gaza Strip","all","23_24","t",0,0.0338108890258178,0.030877692432298,0.0373247355266359
"200","Gaza Strip","all","23_24","t",1,0.0195788082884956,0.0171606975201899,0.0225278292359422
"201","Gaza Strip","all","23_24","t",5,0.0224278973150966,0.0197134244069162,0.0256574960928713
"202","Gaza Strip","all","23_24","t",10,0.0245728796060801,0.0215429003038152,0.0282072691882809
"203","Gaza Strip","all","23_24","t",15,0.0288389904870611,0.025891438406366,0.0322200748048778
"204","Gaza Strip","all","23_24","t",20,0.0361427087069197,0.0325588853275784,0.0403330339438524
"205","Gaza Strip","all","23_24","t",25,0.0397898517253697,0.035807099801865,0.0443565530950284
"206","Gaza Strip","all","23_24","t",30,0.0473885056222057,0.0414237510727491,0.0546091229780224
"207","Gaza Strip","all","23_24","t",35,0.0461729853667125,0.0403709549556252,0.053243644422734
"208","Gaza Strip","all","23_24","t",40,0.0428777564709049,0.037353361497806,0.0494253133124036
"209","Gaza Strip","all","23_24","t",45,0.0343978640393554,0.029165138901295,0.0412176364482651
"210","Gaza Strip","all","23_24","t",50,0.0394066236822142,0.0335883096267396,0.0469664614925131
"211","Gaza Strip","all","23_24","t",55,0.0442695685313701,0.03788171871744,0.0528215993780521
"212","Gaza Strip","all","23_24","t",60,0.0743034848242352,0.0621032340530642,0.0908907003933536
"213","Gaza Strip","all","23_24","t",65,0.0906375090663704,0.0758573838566662,0.110310419797161
"214","Gaza Strip","all","23_24","t",70,0.116111507257482,0.0998647229243806,0.138448280584099
"215","Gaza Strip","all","23_24","t",75,0.122056185326626,0.104435084159094,0.145540825128249
"216","Gaza Strip","all","23_24","t",80,0.309783608304566,0.278536588233234,0.352290309524074
"217","Gaza Strip","conflict","23_24","f",0,0.022940179125,0.0189610475,0.027804165
"218","Gaza Strip","conflict","23_24","f",1,0.02114564215,0.01795787,0.0250732825
"219","Gaza Strip","conflict","23_24","f",5,0.024901652325,0.0213497875,0.029256735
"220","Gaza Strip","conflict","23_24","f",10,0.0250575298,0.0213935775,0.029492105
"221","Gaza Strip","conflict","23_24","f",15,0.015907405075,0.0141275,0.0179694125
"222","Gaza Strip","conflict","23_24","f",20,0.01753019785,0.015473665,0.01990221
"223","Gaza Strip","conflict","23_24","f",25,0.0186311678,0.01648223,0.0211074125
"224","Gaza Strip","conflict","23_24","f",30,0.029556920725,0.0251020925,0.03496075
"225","Gaza Strip","conflict","23_24","f",35,0.027373769625,0.0230862225,0.03253754
"226","Gaza Strip","conflict","23_24","f",40,0.0276772079,0.02331125,0.03279527
"227","Gaza Strip","conflict","23_24","f",45,0.031120464875,0.0237712125,0.04127748
"228","Gaza Strip","conflict","23_24","f",50,0.034516892325,0.0262953025,0.045803725
"229","Gaza Strip","conflict","23_24","f",55,0.040465093525,0.030935265,0.0540045475
"230","Gaza Strip","conflict","23_24","f",60,0.04799009575,0.03633049,0.064416045
"231","Gaza Strip","conflict","23_24","f",65,0.0543028974,0.0407641025,0.0729872525
"232","Gaza Strip","conflict","23_24","f",70,0.05853255975,0.0438931375,0.0795056875
"233","Gaza Strip","conflict","23_24","f",75,0.06025715905,0.0442552775,0.0825223425
"234","Gaza Strip","conflict","23_24","f",80,0.1400344742,0.10509985,0.189410425
"235","Gaza Strip","conflict","23_24","m",0,0.019400335125,0.0167465675,0.02237111
"236","Gaza Strip","conflict","23_24","m",1,0.016954438575,0.015127715,0.0191077175
"237","Gaza Strip","conflict","23_24","m",5,0.019436866775,0.017282895,0.0218954
"238","Gaza Strip","conflict","23_24","m",10,0.023555370475,0.020954675,0.0264989475
"239","Gaza Strip","conflict","23_24","m",15,0.040175513625,0.03591127,0.0450789325
"240","Gaza Strip","conflict","23_24","m",20,0.0513961404,0.045997,0.057656135
"241","Gaza Strip","conflict","23_24","m",25,0.057671328125,0.051629705,0.0645504025
"242","Gaza Strip","conflict","23_24","m",30,0.062244509125,0.0544718425,0.071501395
"243","Gaza Strip","conflict","23_24","m",35,0.06159266965,0.0537530325,0.0709128425
"244","Gaza Strip","conflict","23_24","m",40,0.0547975537,0.0476357675,0.06323196
"245","Gaza Strip","conflict","23_24","m",45,0.0331913319,0.02953676,0.0373787
"246","Gaza Strip","conflict","23_24","m",50,0.035883331675,0.031831525,0.0403883775
"247","Gaza Strip","conflict","23_24","m",55,0.034853536375,0.0306650675,0.03950168
"248","Gaza Strip","conflict","23_24","m",60,0.07580259495,0.0617132425,0.09426582
"249","Gaza Strip","conflict","23_24","m",65,0.090298232325,0.0725549175,0.1127578
"250","Gaza Strip","conflict","23_24","m",70,0.101677676425,0.08122705,0.12762305
"251","Gaza Strip","conflict","23_24","m",75,0.1077877679,0.0848026225,0.13664265
"252","Gaza Strip","conflict","23_24","m",80,0.1407540327,0.109933675,0.1803885
"253","Gaza Strip","conflict","23_24","t",0,0.0211385109975266,0.0182053178920598,0.0246523609863977
"254","Gaza Strip","conflict","23_24","t",1,0.0190124369023375,0.0165943105840027,0.0219614901301254
"255","Gaza Strip","conflict","23_24","t",5,0.0221139191945307,0.0193994502164109,0.0253435219023661
"256","Gaza Strip","conflict","23_24","t",10,0.0242908744315086,0.0212609167890344,0.0279252856216558
"257","Gaza Strip","conflict","23_24","t",15,0.0282683754198727,0.0253208010549631,0.0316494871151371
"258","Gaza Strip","conflict","23_24","t",20,0.0347681435566652,0.0311843742737581,0.0389584737455397
"259","Gaza Strip","conflict","23_24","t",25,0.038328678098625,0.0343459139297557,0.0428954155298001
"260","Gaza Strip","conflict","23_24","t",30,0.0459516042284954,0.0399868414232452,0.0531721634842024
"261","Gaza Strip","conflict","23_24","t",35,0.0443905707482436,0.0385885855769609,0.0514612253148233
"262","Gaza Strip","conflict","23_24","t",40,0.0410444453345172,0.0355200012653842,0.0475919518121967
"263","Gaza Strip","conflict","23_24","t",45,0.0321509403814696,0.0269182401410913,0.0389707376880613
"264","Gaza Strip","conflict","23_24","t",50,0.0352010167126771,0.0293827004473705,0.0427608523131439
"265","Gaza Strip","conflict","23_24","t",55,0.0375989661599134,0.0312111148263418,0.0461509921129648
"266","Gaza Strip","conflict","23_24","t",60,0.062127225731921,0.0499270160278294,0.0787143794371021
"267","Gaza Strip","conflict","23_24","t",65,0.0718034930666963,0.0570233725033456,0.0914765056819731
"268","Gaza Strip","conflict","23_24","t",70,0.0788836215117479,0.062636654349424,0.101220526336839
"269","Gaza Strip","conflict","23_24","t",75,0.0813277451602192,0.0637064366189657,0.104812455965773
"270","Gaza Strip","conflict","23_24","t",80,0.140333527253305,0.109086869903098,0.182840200587628
"271","Gaza Strip","noconflict","23_24","f",0,0.011910493525,0.0119104,0.0119105
"272","Gaza Strip","noconflict","23_24","f",1,0.00054152985,0.000541499999999997,0.0005416
"273","Gaza Strip","noconflict","23_24","f",5,0.00026491375,0.000264899999999998,0.000265000000000001
"274","Gaza Strip","noconflict","23_24","f",10,0.0002041286,0.000204099999999999,0.000204200000000002
"275","Gaza Strip","noconflict","23_24","f",15,0.000198983665514652,0.000198981615514651,0.000198981615514655
"276","Gaza Strip","noconflict","23_24","f",20,0.000319222399135845,0.000319176199135845,0.000319276199135848
"277","Gaza Strip","noconflict","23_24","f",25,0.000308612086982058,0.000308542886982057,0.00030864288698206
"278","Gaza Strip","noconflict","23_24","f",30,0.000410575424942538,0.000410553624942537,0.00041065362494254
"279","Gaza Strip","noconflict","23_24","f",35,0.000788207980128548,0.000788196755128546,0.000788296755128549
"280","Gaza Strip","noconflict","23_24","f",40,0.000875944404474268,0.000875890529474267,0.00087599052947427
"281","Gaza Strip","noconflict","23_24","f",45,0.00131386614461739,0.00131381844461738,0.00131391844461739
"282","Gaza Strip","noconflict","23_24","f",50,0.0025504971173023,0.0025504918923023,0.0025505918923023
"283","Gaza Strip","noconflict","23_24","f",55,0.00478099828671454,0.00478093758671453,0.00478103758671454
"284","Gaza Strip","noconflict","23_24","f",60,0.00771625293585774,0.00771622516085773,0.00771632516085774
"285","Gaza Strip","noconflict","23_24","f",65,0.0163245345588513,0.0163245203588513,0.0163246203588513
"286","Gaza Strip","noconflict","23_24","f",70,0.033029182875,0.0330288,0.0330295025
"287","Gaza Strip","noconflict","23_24","f",75,0.04365926505,0.0436588,0.0436597
"288","Gaza Strip","noconflict","23_24","f",80,0.1400684058,0.140068,0.140069
"289","Gaza Strip","noconflict","23_24","m",0,0.013378095842379,0.013378082742379,0.013378182742379
"290","Gaza Strip","noconflict","23_24","m",1,0.00058287842891636,0.000582841303916358,0.000582941303916361
"291","Gaza Strip","noconflict","23_24","m",5,0.000354126873100057,0.000354032373100057,0.00035413237310006
"292","Gaza Strip","noconflict","23_24","m",10,0.000349479966122948,0.000349462566122946,0.000349562566122949
"293","Gaza Strip","noconflict","23_24","m",15,0.000284794152235187,0.000284742377235182,0.000284842377235191
"294","Gaza Strip","noconflict","23_24","m",20,0.000473123819340105,0.000473059694340104,0.000473159694340107
"295","Gaza Strip","noconflict","23_24","m",25,0.000765566357988148,0.000765560382988144,0.000765660382988147
"296","Gaza Strip","noconflict","23_24","m",30,0.000689901276440001,0.000689839401439999,0.000689939401440002
"297","Gaza Strip","noconflict","23_24","m",35,0.00110214862822354,0.00110206900322354,0.00110216900322354
"298","Gaza Strip","noconflict","23_24","m",40,0.0014326457540966,0.00143260297909659,0.0014327029790966
"299","Gaza Strip","noconflict","23_24","m",45,0.00198203728608421,0.00198203288608421,0.00198213288608421
"300","Gaza Strip","noconflict","23_24","m",50,0.00431869260781831,0.00431860223281831,0.00431870223281831
"301","Gaza Strip","noconflict","23_24","m",55,0.00706493332429677,0.00706490104929677,0.00706500104929677
"302","Gaza Strip","noconflict","23_24","m",60,0.0151518919137361,0.0151515354887361,0.0151522354887361
"303","Gaza Strip","noconflict","23_24","m",65,0.0197413367012489,0.0197408421512489,0.0197421421512489
"304","Gaza Strip","noconflict","23_24","m",70,0.0397081690951892,0.0397075575201892,0.0397086575201892
"305","Gaza Strip","noconflict","23_24","m",75,0.0347344659191786,0.0347339973191786,0.0347348973191786
"306","Gaza Strip","noconflict","23_24","m",80,0.205773443383766,0.205773106083766,0.205774106083766
"307","Gaza Strip","noconflict","23_24","t",0,0.0126574564756351,0.0126574038844048,0.0126575038844048
"308","Gaza Strip","noconflict","23_24","t",1,0.000562575118727555,0.000562541565956286,0.000562641565956288
"309","Gaza Strip","noconflict","23_24","t",5,0.000310423747906261,0.000310368805173586,0.000310468805173587
"310","Gaza Strip","noconflict","23_24","t",10,0.000278311413567877,0.000278288529699303,0.000278388529699304
"311","Gaza Strip","noconflict","23_24","t",15,0.000242691269650601,0.000242663892202884,0.000242714827241027
"312","Gaza Strip","noconflict","23_24","t",20,0.000397559044328663,0.000397503720407888,0.000397603720407891
"313","Gaza Strip","noconflict","23_24","t",25,0.00053916599311905,0.0005391286929647,0.000539228692964701
"314","Gaza Strip","noconflict","23_24","t",30,0.000550673215994179,0.000550631316103866,0.000550731316103869
"315","Gaza Strip","noconflict","23_24","t",35,0.000944328298701958,0.00094428305889739,0.000944383058897393
"316","Gaza Strip","noconflict","23_24","t",40,0.00115033467867637,0.00115028627471043,0.00115038627471043
"317","Gaza Strip","noconflict","23_24","t",45,0.00164635200058943,0.00164632584692191,0.00164637608633883
"318","Gaza Strip","noconflict","23_24","t",50,0.00343576557597389,0.0034357177195965,0.0034358177195965
"319","Gaza Strip","noconflict","23_24","t",55,0.00594752809944122,0.00594748191763433,0.00594758191763433
"320","Gaza Strip","noconflict","23_24","t",60,0.0114957980235896,0.0114956031953616,0.011496008176152
"321","Gaza Strip","noconflict","23_24","t",65,0.0179857518496973,0.0179855041080134,0.0179861361558723
"322","Gaza Strip","noconflict","23_24","t",70,0.0361795848566846,0.0361791997687611,0.03617988278195
"323","Gaza Strip","noconflict","23_24","t",75,0.0397028514219768,0.0397026064510527,0.0397031074759931
"324","Gaza Strip","noconflict","23_24","t",80,0.167375834045119,0.167375456714152,0.167376456714152
"325","Gaza Strip","all","24","f",0,0.02517879505,0.02257575,0.02835004
"326","Gaza Strip","all","24","f",1,0.012856897075,0.0109444575,0.015150155
"327","Gaza Strip","all","24","f",5,0.014691310375,0.0124899275,0.01739351
"328","Gaza Strip","all","24","f",10,0.014801879675,0.012606385,0.0175095225
"329","Gaza Strip","all","24","f",15,0.009402645425,0.0083048925,0.010644645
"330","Gaza Strip","all","24","f",20,0.0105287051325,0.00923509975,0.011958015
"331","Gaza Strip","all","24","f",25,0.0112726220325,0.009877274,0.012909625
"332","Gaza Strip","all","24","f",30,0.0175529475,0.0149017975,0.0208466475
"333","Gaza Strip","all","24","f",35,0.0165674926,0.014055675,0.019632125
"334","Gaza Strip","all","24","f",40,0.0168318771,0.01415446,0.0200653225
"335","Gaza Strip","all","24","f",45,0.01930489445,0.0148988025,0.025612
"336","Gaza Strip","all","24","f",50,0.0225176807,0.017551625,0.02960355
"337","Gaza Strip","all","24","f",55,0.02836380445,0.02247474,0.0367172625
"338","Gaza Strip","all","24","f",60,0.035216907925,0.028229825,0.0449327275
"339","Gaza Strip","all","24","f",65,0.04776436015,0.0399490675,0.0589083075
"340","Gaza Strip","all","24","f",70,0.066893694325,0.0575395325,0.080237635
"341","Gaza Strip","all","24","f",75,0.09783145515,0.08397124,0.1178392
"342","Gaza Strip","all","24","f",80,0.1942648905,0.177324825,0.218142725
"343","Gaza Strip","all","24","m",0,0.024451448375,0.02265009,0.0264254575
"344","Gaza Strip","all","24","m",1,0.0104535453875,0.0093170655,0.0117746225
"345","Gaza Strip","all","24","m",5,0.0116518586675,0.010350295,0.01314795
"346","Gaza Strip","all","24","m",10,0.0141235309,0.0125292575,0.0158995
"347","Gaza Strip","all","24","m",15,0.02368864885,0.0210758225,0.02664711
"348","Gaza Strip","all","24","m",20,0.030541349975,0.0272561975,0.0344599025
"349","Gaza Strip","all","24","m",25,0.0349915441,0.031385115,0.03925903
"350","Gaza Strip","all","24","m",30,0.03725871335,0.03253316,0.0430709075
"351","Gaza Strip","all","24","m",35,0.0370172546,0.032217275,0.04260114
"352","Gaza Strip","all","24","m",40,0.033570274775,0.029200385,0.038803395
"353","Gaza Strip","all","24","m",45,0.02134394585,0.0190452825,0.02402906
"354","Gaza Strip","all","24","m",50,0.025257596225,0.022625005,0.0281593225
"355","Gaza Strip","all","24","m",55,0.027570635525,0.0248573975,0.030681485
"356","Gaza Strip","all","24","m",60,0.059166165725,0.0504081425,0.070547255
"357","Gaza Strip","all","24","m",65,0.072776757875,0.06157168,0.087023165
"358","Gaza Strip","all","24","m",70,0.099949025975,0.087234715,0.11612315
"359","Gaza Strip","all","24","m",75,0.11390069735,0.097514985,0.135531325
"360","Gaza Strip","all","24","m",80,0.26348263675,0.248204775,0.2844281
"361","Gaza Strip","all","24","t",0,0.0248086515347317,0.0229261599243578,0.0270200508381092
"362","Gaza Strip","all","24","t",1,0.0116338924901099,0.0101851014045662,0.0133641299317127
"363","Gaza Strip","all","24","t",5,0.0131417205851335,0.0114916457926433,0.0151602324113306
"364","Gaza Strip","all","24","t",10,0.0144561016988313,0.0126900446583209,0.0165844381954369
"365","Gaza Strip","all","24","t",15,0.0166560969598034,0.0148995647024878,0.0186707151609043
"366","Gaza Strip","all","24","t",20,0.0206738630433651,0.0185114699543073,0.0232376951651338
"367","Gaza Strip","all","24","t",25,0.0231781783753979,0.0207746667817101,0.025959006775248
"368","Gaza Strip","all","24","t",30,0.027372211536508,0.023783076374339,0.0318599594830223
"369","Gaza Strip","all","24","t",35,0.0266755810977681,0.0232124700701299,0.0308694096837393
"370","Gaza Strip","all","24","t",40,0.0250322746724066,0.0217788037846009,0.0289967791697615
"371","Gaza Strip","all","24","t",45,0.0203150067136332,0.017157217705453,0.0245347274386175
"372","Gaza Strip","all","24","t",50,0.0238835374227578,0.0203975336312521,0.0285341972564275
"373","Gaza Strip","all","24","t",55,0.0279605712435882,0.0240235062072524,0.0332911693979627
"374","Gaza Strip","all","24","t",60,0.0473433154224243,0.0398443613873414,0.0574740387778351
"375","Gaza Strip","all","24","t",65,0.0598614788685919,0.0510420546086292,0.0715972166960966
"376","Gaza Strip","all","24","t",70,0.0823379132337364,0.0725009491357345,0.0957703646002803
"377","Gaza Strip","all","24","t",75,0.104911070043082,0.0909161584510167,0.124295433539217
"378","Gaza Strip","all","24","t",80,0.223123026871511,0.209108069579485,0.242934123100941
"379","Gaza Strip","conflict","24","f",0,0.013393113935,0.0107901475,0.01656434
"380","Gaza Strip","conflict","24","f",1,0.012314943055,0.01040246,0.014608155
"381","Gaza Strip","conflict","24","f",5,0.014424981575,0.0122236275,0.0171272075
"382","Gaza Strip","conflict","24","f",10,0.01459769525,0.012402185,0.0173053225
"383","Gaza Strip","conflict","24","f",15,0.009206243585,0.00810849225,0.010448245
"384","Gaza Strip","conflict","24","f",20,0.0102042488325,0.00891064975,0.0116335175
"385","Gaza Strip","conflict","24","f",25,0.0109659587325,0.009570614,0.012603025
"386","Gaza Strip","conflict","24","f",30,0.0171456049,0.0144943975,0.020439345
"387","Gaza Strip","conflict","24","f",35,0.01577682025,0.0132650725,0.018841425
"388","Gaza Strip","conflict","24","f",40,0.0159622539,0.0132848575,0.0191957225
"389","Gaza Strip","conflict","24","f",45,0.018013794675,0.0136077025,0.0243209
"390","Gaza Strip","conflict","24","f",50,0.01999061,0.0150245275,0.0270765475
"391","Gaza Strip","conflict","24","f",55,0.02365627325,0.01776724,0.032009665
"392","Gaza Strip","conflict","24","f",60,0.027632095625,0.020645025,0.0373479275
"393","Gaza Strip","conflict","24","f",65,0.031644297575,0.0238289675,0.0427883075
"394","Gaza Strip","conflict","24","f",70,0.034094115575,0.024739935,0.047438135
"395","Gaza Strip","conflict","24","f",75,0.054662416375,0.0408021425,0.074670095
"396","Gaza Strip","conflict","24","f",80,0.0527914326,0.0358513225,0.0766691375
"397","Gaza Strip","conflict","24","m",0,0.0112777244775,0.009476379,0.0132517575
"398","Gaza Strip","conflict","24","m",1,0.0098772482225,0.00874076575,0.0111983225
"399","Gaza Strip","conflict","24","m",5,0.0112971993125,0.00999559575,0.0127933475
"400","Gaza Strip","conflict","24","m",10,0.013771250425,0.0121769575,0.0155472
"401","Gaza Strip","conflict","24","m",15,0.023413179475,0.0208003225,0.0263716125
"402","Gaza Strip","conflict","24","m",20,0.0300808945,0.026795795,0.0339994025
"403","Gaza Strip","conflict","24","m",25,0.03422045365,0.030614015,0.03848793
"404","Gaza Strip","conflict","24","m",30,0.036579756,0.03185416,0.0423920075
"405","Gaza Strip","conflict","24","m",35,0.0359152521,0.031115275,0.04149914
"406","Gaza Strip","conflict","24","m",40,0.0321417583,0.0277718825,0.037374895
"407","Gaza Strip","conflict","24","m",45,0.019412122925,0.017113385,0.02209726
"408","Gaza Strip","conflict","24","m",50,0.020972750575,0.0183402025,0.023874425
"409","Gaza Strip","conflict","24","m",55,0.020644601425,0.0179312975,0.0237553875
"410","Gaza Strip","conflict","24","m",60,0.044048953175,0.0352908425,0.055430055
"411","Gaza Strip","conflict","24","m",65,0.05336462935,0.04215958,0.067610965
"412","Gaza Strip","conflict","24","m",70,0.060275734975,0.047561415,0.076449665
"413","Gaza Strip","conflict","24","m",75,0.0805817816,0.064196085,0.102212325
"414","Gaza Strip","conflict","24","m",80,0.054380070675,0.039101985,0.075325805
"415","Gaza Strip","conflict","24","t",0,0.0123166015690631,0.0104341029220507,0.0145280037592661
"416","Gaza Strip","conflict","24","t",1,0.0110744621165604,0.00962569985266602,0.0128047234182853
"417","Gaza Strip","conflict","24","t",5,0.0128303586214799,0.0111803033527158,0.0148488160999567
"418","Gaza Strip","conflict","24","t",10,0.014176427563619,0.0124103542089931,0.0163047476974352
"419","Gaza Strip","conflict","24","t",15,0.0164195500550126,0.0146630526580041,0.0184341536126158
"420","Gaza Strip","conflict","24","t",20,0.0202804636767699,0.0181181018163582,0.0228443504129718
"421","Gaza Strip","conflict","24","t",25,0.0226383989335361,0.020234883691819,0.0254192528216681
"422","Gaza Strip","conflict","24","t",30,0.0268295249480144,0.0232403409814161,0.0313172730149689
"423","Gaza Strip","conflict","24","t",35,0.0257310217388032,0.0222679485350917,0.02992483884186
"424","Gaza Strip","conflict","24","t",40,0.02388884109076,0.0206353403750181,0.0278533654934343
"425","Gaza Strip","conflict","24","t",45,0.0187065033109421,0.0155487255458881,0.022926234040594
"426","Gaza Strip","conflict","24","t",50,0.0204802102430794,0.0169941659103259,0.0251308768933076
"427","Gaza Strip","conflict","24","t",55,0.0221251919779307,0.0181880621159042,0.0274558228066144
"428","Gaza Strip","conflict","24","t",60,0.0359445663554485,0.0284456234811063,0.0460753021374437
"429","Gaza Strip","conflict","24","t",65,0.0421492253703371,0.0333298459263777,0.0538849577509988
"430","Gaza Strip","conflict","24","t",70,0.0463267764262131,0.0364897979697539,0.0597590341045343
"431","Gaza Strip","conflict","24","t",75,0.0660816931387885,0.0520867159818844,0.0854659690807281
"432","Gaza Strip","conflict","24","t",80,0.053453764685297,0.0394385778707595,0.073264554171599
"433","Gaza Strip","noconflict","24","f",0,0.011785681115,0.0117856,0.0117857
"434","Gaza Strip","noconflict","24","f",1,0.00054195402,0.0005419,0.000542000000000001
"435","Gaza Strip","noconflict","24","f",5,0.0002663288,0.000266299999999999,0.0002664
"436","Gaza Strip","noconflict","24","f",10,0.000204184425,0.000204099999999999,0.000204200000000002
"437","Gaza Strip","noconflict","24","f",15,0.00019640184,0.000196389999999999,0.000196419999999999
"438","Gaza Strip","noconflict","24","f",20,0.0003244563,0.000324399999999999,0.0003245
"439","Gaza Strip","noconflict","24","f",25,0.0003066633,0.000306599999999999,0.0003067
"440","Gaza Strip","noconflict","24","f",30,0.0004073426,0.000407299999999999,0.000407400000000002
"441","Gaza Strip","noconflict","24","f",35,0.00079067235,0.000790599999999999,0.000790700000000002
"442","Gaza Strip","noconflict","24","f",40,0.0008696232,0.000869599999999998,0.000869700000000001
"443","Gaza Strip","noconflict","24","f",45,0.001291099775,0.0012911,0.0012911
"444","Gaza Strip","noconflict","24","f",50,0.0025270707,0.002527,0.0025271
"445","Gaza Strip","noconflict","24","f",55,0.0047075312,0.0047075,0.0047076
"446","Gaza Strip","noconflict","24","f",60,0.0075848123,0.0075848,0.0075849
"447","Gaza Strip","noconflict","24","f",65,0.016120062575,0.01612,0.0161201
"448","Gaza Strip","noconflict","24","f",70,0.03279957875,0.0327995,0.0327996
"449","Gaza Strip","noconflict","24","f",75,0.043169038775,0.0431686,0.0431695
"450","Gaza Strip","noconflict","24","f",80,0.1414734579,0.141473,0.1414739
"451","Gaza Strip","noconflict","24","m",0,0.0131737238975,0.0131737,0.0131738
"452","Gaza Strip","noconflict","24","m",1,0.000576297165,0.00057625,0.00057634
"453","Gaza Strip","noconflict","24","m",5,0.000354659355,0.0003546,0.000354700000000001
"454","Gaza Strip","noconflict","24","m",10,0.000352280475,0.000352199999999999,0.000352300000000002
"455","Gaza Strip","noconflict","24","m",15,0.000275469375,0.000275399999999999,0.000275500000000001
"456","Gaza Strip","noconflict","24","m",20,0.000460455475,0.0004604,0.000460500000000003
"457","Gaza Strip","noconflict","24","m",25,0.00077109045,0.000771000000000001,0.000771100000000004
"458","Gaza Strip","noconflict","24","m",30,0.00067895735,0.000678899999999996,0.000679000000000006
"459","Gaza Strip","noconflict","24","m",35,0.0011020025,0.001102,0.00110200250000001
"460","Gaza Strip","noconflict","24","m",40,0.001428516475,0.0014285,0.0014286
"461","Gaza Strip","noconflict","24","m",45,0.001931822925,0.0019318,0.0019319
"462","Gaza Strip","noconflict","24","m",50,0.00428484565,0.0042848,0.0042849
"463","Gaza Strip","noconflict","24","m",55,0.0069260341,0.006926,0.0069261
"464","Gaza Strip","noconflict","24","m",60,0.01511721255,0.0151172,0.0151173
"465","Gaza Strip","noconflict","24","m",65,0.019412128525,0.0194121,0.0194122
"466","Gaza Strip","noconflict","24","m",70,0.039673291,0.0396728,0.0396737
"467","Gaza Strip","noconflict","24","m",75,0.03331891575,0.0333185,0.0333194
"468","Gaza Strip","noconflict","24","m",80,0.209102566075,0.2091021,0.209103
"469","Gaza Strip","noconflict","24","t",0,0.0124920499656686,0.012491997968402,0.012492097968402
"470","Gaza Strip","noconflict","24","t",1,0.000559430373549503,0.000559384930630579,0.000559469664393125
"471","Gaza Strip","noconflict","24","t",5,0.000311361963653658,0.000311317585937482,0.000311417585937483
"472","Gaza Strip","noconflict","24","t",10,0.000279674135212249,0.000279591723664704,0.000279691723664704
"473","Gaza Strip","noconflict","24","t",15,0.000236546904790846,0.0002365107751554,0.0002365664709752
"474","Gaza Strip","noconflict","24","t",20,0.000393399366595191,0.000393343484818535,0.000393443484818537
"475","Gaza Strip","noconflict","24","t",25,0.000539779441861808,0.00053970251409855,0.000539802514098551
"476","Gaza Strip","noconflict","24","t",30,0.000542686588493607,0.000542636638657743,0.000542736638657747
"477","Gaza Strip","noconflict","24","t",35,0.000944559358964867,0.000944521535038156,0.000944572106157288
"478","Gaza Strip","noconflict","24","t",40,0.0011434335816466,0.00114341367632718,0.00114351367632718
"479","Gaza Strip","noconflict","24","t",45,0.00160850340269115,0.00160849215956489,0.00160854169790726
"480","Gaza Strip","noconflict","24","t",50,0.00340332717967845,0.00340326896718421,0.00340336896718421
"481","Gaza Strip","noconflict","24","t",55,0.00583537926565751,0.00583534659134824,0.00583544659134824
"482","Gaza Strip","noconflict","24","t",60,0.0113987490669757,0.0113987366403914,0.0113987872741421
"483","Gaza Strip","noconflict","24","t",65,0.0177122534982548,0.0177122073913638,0.0177123073913638
"484","Gaza Strip","noconflict","24","t",70,0.0360111368075233,0.0360109187224224,0.0360113392233318
"485","Gaza Strip","noconflict","24","t",75,0.0388293769042938,0.0388290601595408,0.0388296923303327
"486","Gaza Strip","noconflict","24","t",80,0.169669262186214,0.16966885918609,0.16966965918609
"487","Gaza Strip","all","24_25","f",0,0.01650617265,0.01527448,0.0181893275
"488","Gaza Strip","all","24_25","f",1,0.0071129368,0.0057449995,0.00891681375
"489","Gaza Strip","all","24_25","f",5,0.00845692482,0.00680188775,0.01065383
"490","Gaza Strip","all","24_25","f",10,0.00771363134,0.0061496345,0.00974780625
"491","Gaza Strip","all","24_25","f",15,0.0079210853075,0.006321038,0.00998573125
"492","Gaza Strip","all","24_25","f",20,0.0107897979075,0.008593129,0.0136076175
"493","Gaza Strip","all","24_25","f",25,0.013423327815,0.010711,0.01691177
"494","Gaza Strip","all","24_25","f",30,0.0126508794175,0.010105945,0.01591805
"495","Gaza Strip","all","24_25","f",35,0.0129126705225,0.01036761,0.0162982425
"496","Gaza Strip","all","24_25","f",40,0.0127296741875,0.01015305,0.0160968975
"497","Gaza Strip","all","24_25","f",45,0.0133336166425,0.0106410825,0.0168343425
"498","Gaza Strip","all","24_25","f",50,0.016109641375,0.0129838575,0.02011598
"499","Gaza Strip","all","24_25","f",55,0.01945996755,0.0161421675,0.02384676
"500","Gaza Strip","all","24_25","f",60,0.024748055375,0.02065072,0.0299188575
"501","Gaza Strip","all","24_25","f",65,0.024844087525,0.0219874125,0.028983475
"502","Gaza Strip","all","24_25","f",70,0.042319696125,0.0392331775,0.04672824
"503","Gaza Strip","all","24_25","f",75,0.049236719925,0.04679327,0.0528612125
"504","Gaza Strip","all","24_25","f",80,0.15264442925,0.148823825,0.1580225
"505","Gaza Strip","all","24_25","m",0,0.017565278975,0.0163362875,0.0191697175
"506","Gaza Strip","all","24_25","m",1,0.007266094805,0.00588904175,0.0090960155
"507","Gaza Strip","all","24_25","m",5,0.0093977780625,0.00756302525,0.01179501
"508","Gaza Strip","all","24_25","m",10,0.013199638295,0.01063261,0.016624905
"509","Gaza Strip","all","24_25","m",15,0.027238395775,0.0218854775,0.0342825275
"510","Gaza Strip","all","24_25","m",20,0.045558445225,0.0398252775,0.05228048
"511","Gaza Strip","all","24_25","m",25,0.0494448608,0.0432993375,0.05655362
"512","Gaza Strip","all","24_25","m",30,0.05176523835,0.0452796525,0.0592923075
"513","Gaza Strip","all","24_25","m",35,0.0521307901,0.045511565,0.05999523
"514","Gaza Strip","all","24_25","m",40,0.0462518044,0.040311595,0.0532153675
"515","Gaza Strip","all","24_25","m",45,0.0401784877,0.034854975,0.04623094
"516","Gaza Strip","all","24_25","m",50,0.038715045625,0.0337411975,0.0446441
"517","Gaza Strip","all","24_25","m",55,0.03906186835,0.034150375,0.0445905175
"518","Gaza Strip","all","24_25","m",60,0.042365074175,0.03792768,0.047591295
"519","Gaza Strip","all","24_25","m",65,0.0419884916,0.0358224175,0.050867065
"520","Gaza Strip","all","24_25","m",70,0.064848982775,0.0577074575,0.07512579
"521","Gaza Strip","all","24_25","m",75,0.046430004825,0.04158903,0.0532546625
"522","Gaza Strip","all","24_25","m",80,0.24422636275,0.23411895,0.2585388
"523","Gaza Strip","all","24_25","t",0,0.0170451471880749,0.0159624747560099,0.018493021621218
"524","Gaza Strip","all","24_25","t",1,0.00719087501574339,0.00585473970604918,0.00893494453802349
"525","Gaza Strip","all","24_25","t",5,0.00893659573391622,0.00723674638960879,0.0111765004203327
"526","Gaza Strip","all","24_25","t",10,0.0105100399900304,0.00847762937365551,0.0132040320597868
"527","Gaza Strip","all","24_25","t",15,0.0177290890640693,0.0142836530812233,0.0222502173468459
"528","Gaza Strip","all","24_25","t",20,0.0284153251758463,0.0245395842954298,0.0331260997312133
"529","Gaza Strip","all","24_25","t",25,0.0315040984878839,0.0272001235687429,0.0367241500213889
"530","Gaza Strip","all","24_25","t",30,0.0321413280963553,0.0277192671884037,0.0374634702147136
"531","Gaza Strip","all","24_25","t",35,0.0322977481290472,0.0278933797486603,0.0377403357887657
"532","Gaza Strip","all","24_25","t",40,0.0291526795763048,0.0250871566667299,0.0340400084133651
"533","Gaza Strip","all","24_25","t",45,0.0266321207757621,0.0228561940910395,0.0312601901272044
"534","Gaza Strip","all","24_25","t",50,0.0273785082739243,0.0236445084312306,0.0318730837133254
"535","Gaza Strip","all","24_25","t",55,0.0294252310168589,0.025660585713731,0.0339995907576965
"536","Gaza Strip","all","24_25","t",60,0.0336682127611961,0.029771778465427,0.0384425302661832
"537","Gaza Strip","all","24_25","t",65,0.0331358912031212,0.0289375800621474,0.0392419592250939
"538","Gaza Strip","all","24_25","t",70,0.0528459022621655,0.0482293219617414,0.0595282679247544
"539","Gaza Strip","all","24_25","t",75,0.0480001673996669,0.0449466598276405,0.0524040596204922
"540","Gaza Strip","all","24_25","t",80,0.190826601731665,0.185091098313572,0.198941183045825
"541","Gaza Strip","conflict","24_25","f",0,0.0048396530975,0.00360797,0.00652276925
"542","Gaza Strip","conflict","24_25","f",1,0.0065705691375,0.00520263925,0.008374444
"543","Gaza Strip","conflict","24_25","f",5,0.008189199725,0.00653415775,0.01038603
"544","Gaza Strip","conflict","24_25","f",10,0.00750939499,0.00594540425,0.009543576
"545","Gaza Strip","conflict","24_25","f",15,0.00772714664,0.00612710775,0.00979179125
"546","Gaza Strip","conflict","24_25","f",20,0.01046007392,0.008263399,0.0132778175
"547","Gaza Strip","conflict","24_25","f",25,0.01311852017,0.0104061975,0.01660697
"548","Gaza Strip","conflict","24_25","f",30,0.01224664424,0.00970173375,0.01551375
"549","Gaza Strip","conflict","24_25","f",35,0.01211955943,0.00957453875,0.0155051425
"550","Gaza Strip","conflict","24_25","f",40,0.01186614495,0.00928949975,0.0152333975
"551","Gaza Strip","conflict","24_25","f",45,0.0120639979625,0.00937149225,0.0155647425
"552","Gaza Strip","conflict","24_25","f",50,0.013605116935,0.0104793575,0.01761148
"553","Gaza Strip","conflict","24_25","f",55,0.014821413175,0.01150357,0.0192081625
"554","Gaza Strip","conflict","24_25","f",60,0.01728809675,0.01319082,0.022458955
"555","Gaza Strip","conflict","24_25","f",65,0.008918175185,0.00606148275,0.013057575
"556","Gaza Strip","conflict","24_25","f",70,0.009740251215,0.00665371825,0.01414884
"557","Gaza Strip","conflict","24_25","f",75,0.0065323539275,0.00408892875,0.0101568125
"558","Gaza Strip","conflict","24_25","f",80,0.0097930481975,0.0059724565,0.01517121
"559","Gaza Strip","conflict","24_25","m",0,0.0045848051525,0.00335584675,0.00618919975
"560","Gaza Strip","conflict","24_25","m",1,0.006696054215,0.00531900175,0.0085259755
"561","Gaza Strip","conflict","24_25","m",5,0.00904259809,0.00720784525,0.01143981
"562","Gaza Strip","conflict","24_25","m",10,0.012844598695,0.0102776075,0.016269905
"563","Gaza Strip","conflict","24_25","m",15,0.026971435925,0.0216184775,0.034015625
"564","Gaza Strip","conflict","24_25","m",20,0.04510962685,0.039376475,0.0518316775
"565","Gaza Strip","conflict","24_25","m",25,0.0486684216,0.0425229375,0.05577712
"566","Gaza Strip","conflict","24_25","m",30,0.0510965136,0.0446109525,0.0586236075
"567","Gaza Strip","conflict","24_25","m",35,0.051028929925,0.0444097625,0.0588933325
"568","Gaza Strip","conflict","24_25","m",40,0.044827259875,0.038886995,0.0517907675
"569","Gaza Strip","conflict","24_25","m",45,0.038292939175,0.0329693775,0.04434534
"570","Gaza Strip","conflict","24_25","m",50,0.0344625965,0.0294887,0.0403917
"571","Gaza Strip","conflict","24_25","m",55,0.032264075025,0.027352575,0.0377927175
"572","Gaza Strip","conflict","24_25","m",60,0.0272815187,0.0228440825,0.0325077925
"573","Gaza Strip","conflict","24_25","m",65,0.022883577625,0.0167175175,0.031762165
"574","Gaza Strip","conflict","24_25","m",70,0.02520898165,0.0180674575,0.03548579
"575","Gaza Strip","conflict","24_25","m",75,0.01436609455,0.009525121,0.0211907625
"576","Gaza Strip","conflict","24_25","m",80,0.031802982875,0.0216958325,0.04611551
"577","Gaza Strip","conflict","24_25","t",0,0.00470996210218307,0.00362731665802213,0.00615780346809454
"578","Gaza Strip","conflict","24_25","t",1,0.0066344253038347,0.00529829393484366,0.00837849397834514
"579","Gaza Strip","conflict","24_25","t",5,0.00862428391792519,0.00692443215529132,0.010864141677287
"580","Gaza Strip","conflict","24_25","t",10,0.0102289339757715,0.0081965465355124,0.0129229432897873
"581","Gaza Strip","conflict","24_25","t",15,0.0174980752543815,0.0140526725335988,0.0220191837651254
"582","Gaza Strip","conflict","24_25","t",20,0.0280252277905773,0.0241494487648271,0.0327360222556018
"583","Gaza Strip","conflict","24_25","t",25,0.0309625584974948,0.0266585095621777,0.0361826335148237
"584","Gaza Strip","conflict","24_25","t",30,0.0316052993632508,0.0271832182747649,0.036927372717414
"585","Gaza Strip","conflict","24_25","t",35,0.0313520258203622,0.0269475940576837,0.0367945982909479
"586","Gaza Strip","conflict","24_25","t",40,0.0280143003507101,0.023948750206283,0.0329016181481066
"587","Gaza Strip","conflict","24_25","t",45,0.0250573806603867,0.0212814440605102,0.0296854339382049
"588","Gaza Strip","conflict","24_25","t",50,0.0240026377431058,0.0202686733997061,0.0284972000777366
"589","Gaza Strip","conflict","24_25","t",55,0.0236889573316656,0.0199242997039692,0.0282633404107512
"590","Gaza Strip","conflict","24_25","t",60,0.0223481411100972,0.018451714476458,0.0271224156451212
"591","Gaza Strip","conflict","24_25","t",65,0.0156724709197402,0.0114741873674685,0.0217785520724723
"592","Gaza Strip","conflict","24_25","t",70,0.01696760145332,0.012351029888612,0.0236499915685396
"593","Gaza Strip","conflict","24_25","t",75,0.00998365960136649,0.00693012282989014,0.0143875430611639
"594","Gaza Strip","conflict","24_25","t",80,0.0189693899720105,0.0132340727598845,0.0270836180788865
"595","Gaza Strip","noconflict","24_25","f",0,0.0116665195525,0.01166647,0.01166657
"596","Gaza Strip","noconflict","24_25","f",1,0.0005423676625,0.00054236,0.00054237
"597","Gaza Strip","noconflict","24_25","f",5,0.000267725095,0.000267699999999999,0.000267740000000001
"598","Gaza Strip","noconflict","24_25","f",10,0.00020423635,0.00020423,0.000204240000000001
"599","Gaza Strip","noconflict","24_25","f",15,0.0001939386675,0.000193929999999999,0.00019394
"600","Gaza Strip","noconflict","24_25","f",20,0.0003297239875,0.000329699999999999,0.0003298
"601","Gaza Strip","noconflict","24_25","f",25,0.000304807645,0.000304799999999999,0.0003049
"602","Gaza Strip","noconflict","24_25","f",30,0.0004042351775,0.000404199999999999,0.000404300000000002
"603","Gaza Strip","noconflict","24_25","f",35,0.0007931110925,0.000793099999999998,0.000793200000000001
"604","Gaza Strip","noconflict","24_25","f",40,0.0008635292375,0.0008635,0.000863600000000001
"605","Gaza Strip","noconflict","24_25","f",45,0.00126961868,0.0012696,0.0012697
"606","Gaza Strip","noconflict","24_25","f",50,0.00250452444,0.0025045,0.0025046
"607","Gaza Strip","noconflict","24_25","f",55,0.004638554375,0.0046385,0.0046386
"608","Gaza Strip","noconflict","24_25","f",60,0.007459958625,0.0074599,0.00746
"609","Gaza Strip","noconflict","24_25","f",65,0.01592591234,0.01592587,0.015926
"610","Gaza Strip","noconflict","24_25","f",70,0.03257944491,0.0325794,0.0325795
"611","Gaza Strip","noconflict","24_25","f",75,0.0427043659975,0.04270432,0.04270441
"612","Gaza Strip","noconflict","24_25","f",80,0.1428513810525,0.1428509,0.14285185
"613","Gaza Strip","noconflict","24_25","m",0,0.0129804738225,0.01298043,0.01298052
"614","Gaza Strip","noconflict","24_25","m",1,0.00057004059,0.000570039999999999,0.00057005
"615","Gaza Strip","noconflict","24_25","m",5,0.0003551799725,0.000355100000000001,0.0003552
"616","Gaza Strip","noconflict","24_25","m",10,0.0003550396,0.000354999999999999,0.000355100000000001
"617","Gaza Strip","noconflict","24_25","m",15,0.00026695985,0.000266899999999997,0.000267000000000003
"618","Gaza Strip","noconflict","24_25","m",20,0.000448818375,0.000448799999999999,0.000448900000000002
"619","Gaza Strip","noconflict","24_25","m",25,0.0007764392,0.000776399999999997,0.000776500000000006
"620","Gaza Strip","noconflict","24_25","m",30,0.00066872475,0.000668699999999994,0.000668800000000004
"621","Gaza Strip","noconflict","24_25","m",35,0.001101860175,0.0011018,0.0011019
"622","Gaza Strip","noconflict","24_25","m",40,0.001424544525,0.0014245,0.00142460000000001
"623","Gaza Strip","noconflict","24_25","m",45,0.001885548525,0.0018855,0.0018856
"624","Gaza Strip","noconflict","24_25","m",50,0.004252449125,0.0042524,0.00425250000000001
"625","Gaza Strip","noconflict","24_25","m",55,0.006797793325,0.0067977,0.0067978
"626","Gaza Strip","noconflict","24_25","m",60,0.015083555475,0.0150835,0.0150836
"627","Gaza Strip","noconflict","24_25","m",65,0.019104913975,0.0191049,0.019105
"628","Gaza Strip","noconflict","24_25","m",70,0.039640001125,0.03964,0.03964
"629","Gaza Strip","noconflict","24_25","m",75,0.032063910275,0.0320639,0.032064
"630","Gaza Strip","noconflict","24_25","m",80,0.212423379875,0.2124229,0.2124239
"631","Gaza Strip","noconflict","24_25","t",0,0.0123351850858918,0.0123351435383194,0.0123352235383194
"632","Gaza Strip","noconflict","24_25","t",1,0.000556449711908689,0.000556445648424168,0.000556455648424168
"633","Gaza Strip","noconflict","24_25","t",5,0.000312311815991033,0.000312268546537002,0.000312334627334884
"634","Gaza Strip","noconflict","24_25","t",10,0.000281106014258873,0.000281082715576821,0.000281138591708691
"635","Gaza Strip","noconflict","24_25","t",15,0.000231013809687836,0.000230979155228983,0.000231034851048782
"636","Gaza Strip","noconflict","24_25","t",20,0.000390097385268964,0.000390076242955055,0.000390176242955054
"637","Gaza Strip","noconflict","24_25","t",25,0.000541539990389121,0.000541516506565191,0.000541616506565193
"638","Gaza Strip","noconflict","24_25","t",30,0.00053602873310447,0.000535998751564701,0.000536098751564706
"639","Gaza Strip","noconflict","24_25","t",35,0.000945722308685044,0.000945686955254589,0.00094578695525459
"640","Gaza Strip","noconflict","24_25","t",40,0.00113837922559469,0.00113834249851413,0.00113844249851413
"641","Gaza Strip","noconflict","24_25","t",45,0.0015747401153754,0.00157470665065712,0.00157480665065712
"642","Gaza Strip","noconflict","24_25","t",50,0.00337587053081849,0.0033758337852664,0.0033759337852664
"643","Gaza Strip","noconflict","24_25","t",55,0.00573627368519331,0.00573619950869467,0.00573629950869467
"644","Gaza Strip","noconflict","24_25","t",60,0.0113200716510989,0.011320014621062,0.011320114621062
"645","Gaza Strip","noconflict","24_25","t",65,0.017463420283381,0.0174633916619687,0.0174634763004047
"646","Gaza Strip","noconflict","24_25","t",70,0.0358783008088456,0.0358782763562148,0.0358783296338916
"647","Gaza Strip","noconflict","24_25","t",75,0.0380165077983004,0.0380164775390375,0.0380165607561167
"648","Gaza Strip","noconflict","24_25","t",80,0.171857211759655,0.171856813705621,0.171857606122624
