"Country/Area Name","Year","GROUP","GENC","Population","% of Population","Male Population","% of Males","Female Population","% of Females","Sex Ratio of the Population"
"Gaza Strip","2000","","XG","1.127.829","100,0","572.199","100,0","555.630","100,0","1,03"
"Gaza Strip","2000","0 - 4","XG","212.191","18,8","108.900","19,0","103.291","18,6","1,05"
"Gaza Strip","2000","5 - 9","XG","192.022","17,0","98.508","17,2","93.514","16,8","1,05"
"Gaza Strip","2000","10 - 14","XG","154.223","13,7","78.878","13,8","75.345","13,6","1,05"
"Gaza Strip","2000","15 - 19","XG","117.192","10,4","59.676","10,4","57.516","10,4","1,04"
"Gaza Strip","2000","20 - 24","XG","99.248","8,8","50.538","8,8","48.710","8,8","1,04"
"Gaza Strip","2000","25 - 29","XG","77.107","6,8","39.442","6,9","37.665","6,8","1,05"
"Gaza Strip","2000","30 - 34","XG","64.622","5,7","33.469","5,8","31.153","5,6","1,07"
"Gaza Strip","2000","35 - 39","XG","53.576","4,8","28.135","4,9","25.441","4,6","1,11"
"Gaza Strip","2000","40 - 44","XG","41.133","3,6","21.279","3,7","19.854","3,6","1,07"
"Gaza Strip","2000","45 - 49","XG","30.010","2,7","15.031","2,6","14.979","2,7","1,00"
"Gaza Strip","2000","50 - 54","XG","22.430","2,0","10.642","1,9","11.788","2,1","0,90"
"Gaza Strip","2000","55 - 59","XG","16.366","1,5","7136","1,2","9230","1,7","0,77"
"Gaza Strip","2000","60 - 64","XG","14.379","1,3","6179","1,1","8200","1,5","0,75"
"Gaza Strip","2000","65 - 69","XG","12.857","1,1","5632","1,0","7225","1,3","0,78"
"Gaza Strip","2000","70 - 74","XG","9387","0,8","4069","0,7","5318","1,0","0,77"
"Gaza Strip","2000","75 - 79","XG","6176","0,5","2657","0,5","3519","0,6","0,76"
"Gaza Strip","2000","80 - 84","XG","3295","0,3","1386","0,2","1909","0,3","0,73"
"Gaza Strip","2000","85 - 89","XG","1263","0,1","509","0,1","754","0,1","0,68"
"Gaza Strip","2000","90 - 94","XG","307","0,0","117","0,0","190","0,0","0,62"
"Gaza Strip","2000","95 - 99","XG","42","0,0","15","0,0","27","0,0","0,56"
"Gaza Strip","2000","100+","XG","3","0,0","1","0,0","2","0,0","0,50"
"Gaza Strip","2001","","XG","1.163.170","100,0","590.164","100,0","573.006","100,0","1,03"
"Gaza Strip","2001","0 - 4","XG","217.124","18,7","111.490","18,9","105.634","18,4","1,06"
"Gaza Strip","2001","5 - 9","XG","195.778","16,8","100.405","17,0","95.373","16,6","1,05"
"Gaza Strip","2001","10 - 14","XG","163.362","14,0","83.511","14,2","79.851","13,9","1,05"
"Gaza Strip","2001","15 - 19","XG","119.747","10,3","60.907","10,3","58.840","10,3","1,04"
"Gaza Strip","2001","20 - 24","XG","103.247","8,9","52.467","8,9","50.780","8,9","1,03"
"Gaza Strip","2001","25 - 29","XG","79.453","6,8","40.541","6,9","38.912","6,8","1,04"
"Gaza Strip","2001","30 - 34","XG","66.133","5,7","34.035","5,8","32.098","5,6","1,06"
"Gaza Strip","2001","35 - 39","XG","55.151","4,7","28.875","4,9","26.276","4,6","1,10"
"Gaza Strip","2001","40 - 44","XG","43.234","3,7","22.409","3,8","20.825","3,6","1,08"
"Gaza Strip","2001","45 - 49","XG","31.195","2,7","15.691","2,7","15.504","2,7","1,01"
"Gaza Strip","2001","50 - 54","XG","23.657","2,0","11.432","1,9","12.225","2,1","0,94"
"Gaza Strip","2001","55 - 59","XG","16.978","1,5","7558","1,3","9420","1,6","0,80"
"Gaza Strip","2001","60 - 64","XG","14.180","1,2","6117","1,0","8063","1,4","0,76"
"Gaza Strip","2001","65 - 69","XG","13.056","1,1","5741","1,0","7315","1,3","0,78"
"Gaza Strip","2001","70 - 74","XG","9558","0,8","4175","0,7","5383","0,9","0,78"
"Gaza Strip","2001","75 - 79","XG","6296","0,5","2725","0,5","3571","0,6","0,76"
"Gaza Strip","2001","80 - 84","XG","3364","0,3","1422","0,2","1942","0,3","0,73"
"Gaza Strip","2001","85 - 89","XG","1297","0,1","526","0,1","771","0,1","0,68"
"Gaza Strip","2001","90 - 94","XG","314","0,0","121","0,0","193","0,0","0,63"
"Gaza Strip","2001","95 - 99","XG","42","0,0","15","0,0","27","0,0","0,56"
"Gaza Strip","2001","100+","XG","4","0,0","1","0,0","3","0,0","0,33"
"Gaza Strip","2002","","XG","1.198.617","100,0","608.125","100,0","590.492","100,0","1,03"
"Gaza Strip","2002","0 - 4","XG","222.656","18,6","114.409","18,8","108.247","18,3","1,06"
"Gaza Strip","2002","5 - 9","XG","199.395","16,6","102.209","16,8","97.186","16,5","1,05"
"Gaza Strip","2002","10 - 14","XG","171.331","14,3","87.536","14,4","83.795","14,2","1,04"
"Gaza Strip","2002","15 - 19","XG","123.897","10,3","62.937","10,3","60.960","10,3","1,03"
"Gaza Strip","2002","20 - 24","XG","106.324","8,9","53.921","8,9","52.403","8,9","1,03"
"Gaza Strip","2002","25 - 29","XG","82.159","6,9","41.806","6,9","40.353","6,8","1,04"
"Gaza Strip","2002","30 - 34","XG","67.588","5,6","34.584","5,7","33.004","5,6","1,05"
"Gaza Strip","2002","35 - 39","XG","56.560","4,7","29.472","4,8","27.088","4,6","1,09"
"Gaza Strip","2002","40 - 44","XG","45.127","3,8","23.394","3,8","21.733","3,7","1,08"
"Gaza Strip","2002","45 - 49","XG","32.545","2,7","16.435","2,7","16.110","2,7","1,02"
"Gaza Strip","2002","50 - 54","XG","24.778","2,1","12.143","2,0","12.635","2,1","0,96"
"Gaza Strip","2002","55 - 59","XG","17.730","1,5","8095","1,3","9635","1,6","0,84"
"Gaza Strip","2002","60 - 64","XG","14.120","1,2","6148","1,0","7972","1,4","0,77"
"Gaza Strip","2002","65 - 69","XG","13.105","1,1","5791","1,0","7314","1,2","0,79"
"Gaza Strip","2002","70 - 74","XG","9748","0,8","4297","0,7","5451","0,9","0,79"
"Gaza Strip","2002","75 - 79","XG","6417","0,5","2799","0,5","3618","0,6","0,77"
"Gaza Strip","2002","80 - 84","XG","3437","0,3","1465","0,2","1972","0,3","0,74"
"Gaza Strip","2002","85 - 89","XG","1328","0,1","542","0,1","786","0,1","0,69"
"Gaza Strip","2002","90 - 94","XG","325","0,0","126","0,0","199","0,0","0,63"
"Gaza Strip","2002","95 - 99","XG","44","0,0","16","0,0","28","0,0","0,57"
"Gaza Strip","2002","100+","XG","3","0,0","0","0,0","3","0,0","0,00"
"Gaza Strip","2003","","XG","1.234.166","100,0","626.078","100,0","608.088","100,0","1,03"
"Gaza Strip","2003","0 - 4","XG","230.603","18,7","118.494","18,9","112.109","18,4","1,06"
"Gaza Strip","2003","5 - 9","XG","201.294","16,3","103.210","16,5","98.084","16,1","1,05"
"Gaza Strip","2003","10 - 14","XG","177.714","14,4","90.740","14,5","86.974","14,3","1,04"
"Gaza Strip","2003","15 - 19","XG","129.951","10,5","65.921","10,5","64.030","10,5","1,03"
"Gaza Strip","2003","20 - 24","XG","108.204","8,8","54.760","8,7","53.444","8,8","1,02"
"Gaza Strip","2003","25 - 29","XG","85.383","6,9","43.311","6,9","42.072","6,9","1,03"
"Gaza Strip","2003","30 - 34","XG","68.960","5,6","35.111","5,6","33.849","5,6","1,04"
"Gaza Strip","2003","35 - 39","XG","57.812","4,7","29.923","4,8","27.889","4,6","1,07"
"Gaza Strip","2003","40 - 44","XG","46.789","3,8","24.231","3,9","22.558","3,7","1,07"
"Gaza Strip","2003","45 - 49","XG","34.097","2,8","17.285","2,8","16.812","2,8","1,03"
"Gaza Strip","2003","50 - 54","XG","25.756","2,1","12.754","2,0","13.002","2,1","0,98"
"Gaza Strip","2003","55 - 59","XG","18.637","1,5","8745","1,4","9892","1,6","0,88"
"Gaza Strip","2003","60 - 64","XG","14.211","1,2","6281","1,0","7930","1,3","0,79"
"Gaza Strip","2003","65 - 69","XG","12.983","1,1","5770","0,9","7213","1,2","0,80"
"Gaza Strip","2003","70 - 74","XG","9964","0,8","4448","0,7","5516","0,9","0,81"
"Gaza Strip","2003","75 - 79","XG","6549","0,5","2874","0,5","3675","0,6","0,78"
"Gaza Strip","2003","80 - 84","XG","3511","0,3","1510","0,2","2001","0,3","0,75"
"Gaza Strip","2003","85 - 89","XG","1364","0,1","562","0,1","802","0,1","0,70"
"Gaza Strip","2003","90 - 94","XG","335","0,0","130","0,0","205","0,0","0,63"
"Gaza Strip","2003","95 - 99","XG","46","0,0","18","0,0","28","0,0","0,64"
"Gaza Strip","2003","100+","XG","3","0,0","0","0,0","3","0,0","0,00"
"Gaza Strip","2004","","XG","1.269.814","100,0","644.019","100,0","625.795","100,0","1,03"
"Gaza Strip","2004","0 - 4","XG","238.454","18,8","122.531","19,0","115.923","18,5","1,06"
"Gaza Strip","2004","5 - 9","XG","204.129","16,1","104.698","16,3","99.431","15,9","1,05"
"Gaza Strip","2004","10 - 14","XG","182.595","14,4","93.176","14,5","89.419","14,3","1,04"
"Gaza Strip","2004","15 - 19","XG","137.567","10,8","69.675","10,8","67.892","10,8","1,03"
"Gaza Strip","2004","20 - 24","XG","109.105","8,6","55.093","8,6","54.012","8,6","1,02"
"Gaza Strip","2004","25 - 29","XG","89.036","7,0","45.018","7,0","44.018","7,0","1,02"
"Gaza Strip","2004","30 - 34","XG","70.259","5,5","35.616","5,5","34.643","5,5","1,03"
"Gaza Strip","2004","35 - 39","XG","58.907","4,6","30.239","4,7","28.668","4,6","1,05"
"Gaza Strip","2004","40 - 44","XG","48.248","3,8","24.926","3,9","23.322","3,7","1,07"
"Gaza Strip","2004","45 - 49","XG","35.788","2,8","18.199","2,8","17.589","2,8","1,03"
"Gaza Strip","2004","50 - 54","XG","26.607","2,1","13.268","2,1","13.339","2,1","0,99"
"Gaza Strip","2004","55 - 59","XG","19.679","1,5","9499","1,5","10.180","1,6","0,93"
"Gaza Strip","2004","60 - 64","XG","14.440","1,1","6504","1,0","7936","1,3","0,82"
"Gaza Strip","2004","65 - 69","XG","12.748","1,0","5711","0,9","7037","1,1","0,81"
"Gaza Strip","2004","70 - 74","XG","10.207","0,8","4614","0,7","5593","0,9","0,82"
"Gaza Strip","2004","75 - 79","XG","6661","0,5","2955","0,5","3706","0,6","0,80"
"Gaza Strip","2004","80 - 84","XG","3588","0,3","1560","0,2","2028","0,3","0,77"
"Gaza Strip","2004","85 - 89","XG","1398","0,1","582","0,1","816","0,1","0,71"
"Gaza Strip","2004","90 - 94","XG","347","0,0","137","0,0","210","0,0","0,65"
"Gaza Strip","2004","95 - 99","XG","47","0,0","17","0,0","30","0,0","0,57"
"Gaza Strip","2004","100+","XG","4","0,0","1","0,0","3","0,0","0,33"
"Gaza Strip","2005","","XG","1.305.570","100,0","661.951","100,0","643.619","100,0","1,03"
"Gaza Strip","2005","0 - 4","XG","246.244","18,9","126.537","19,1","119.707","18,6","1,06"
"Gaza Strip","2005","5 - 9","XG","207.858","15,9","106.658","16,1","101.200","15,7","1,05"
"Gaza Strip","2005","10 - 14","XG","186.277","14,3","94.974","14,3","91.303","14,2","1,04"
"Gaza Strip","2005","15 - 19","XG","145.937","11,2","73.808","11,2","72.129","11,2","1,02"
"Gaza Strip","2005","20 - 24","XG","109.803","8,4","55.311","8,4","54.492","8,5","1,02"
"Gaza Strip","2005","25 - 29","XG","92.712","7,1","46.722","7,1","45.990","7,1","1,02"
"Gaza Strip","2005","30 - 34","XG","71.627","5,5","36.163","5,5","35.464","5,5","1,02"
"Gaza Strip","2005","35 - 39","XG","59.890","4,6","30.460","4,6","29.430","4,6","1,03"
"Gaza Strip","2005","40 - 44","XG","49.496","3,8","25.473","3,8","24.023","3,7","1,06"
"Gaza Strip","2005","45 - 49","XG","37.525","2,9","19.125","2,9","18.400","2,9","1,04"
"Gaza Strip","2005","50 - 54","XG","27.431","2,1","13.753","2,1","13.678","2,1","1,01"
"Gaza Strip","2005","55 - 59","XG","20.777","1,6","10.284","1,6","10.493","1,6","0,98"
"Gaza Strip","2005","60 - 64","XG","14.814","1,1","6837","1,0","7977","1,2","0,86"
"Gaza Strip","2005","65 - 69","XG","12.470","1,0","5650","0,9","6820","1,1","0,83"
"Gaza Strip","2005","70 - 74","XG","10.429","0,8","4771","0,7","5658","0,9","0,84"
"Gaza Strip","2005","75 - 79","XG","6768","0,5","3044","0,5","3724","0,6","0,82"
"Gaza Strip","2005","80 - 84","XG","3665","0,3","1614","0,2","2051","0,3","0,79"
"Gaza Strip","2005","85 - 89","XG","1434","0,1","605","0,1","829","0,1","0,73"
"Gaza Strip","2005","90 - 94","XG","360","0,0","143","0,0","217","0,0","0,66"
"Gaza Strip","2005","95 - 99","XG","50","0,0","18","0,0","32","0,0","0,56"
"Gaza Strip","2005","100+","XG","3","0,0","1","0,0","2","0,0","0,50"
"Gaza Strip","2006","","XG","1.341.475","100,0","679.892","100,0","661.583","100,0","1,03"
"Gaza Strip","2006","0 - 4","XG","254.097","18,9","130.575","19,2","123.522","18,7","1,06"
"Gaza Strip","2006","5 - 9","XG","212.318","15,8","109.004","16,0","103.314","15,6","1,06"
"Gaza Strip","2006","10 - 14","XG","189.322","14,1","96.439","14,2","92.883","14,0","1,04"
"Gaza Strip","2006","15 - 19","XG","153.941","11,5","77.740","11,4","76.201","11,5","1,02"
"Gaza Strip","2006","20 - 24","XG","111.366","8,3","55.956","8,2","55.410","8,4","1,01"
"Gaza Strip","2006","25 - 29","XG","95.837","7,1","48.140","7,1","47.697","7,2","1,01"
"Gaza Strip","2006","30 - 34","XG","73.242","5,5","36.821","5,4","36.421","5,5","1,01"
"Gaza Strip","2006","35 - 39","XG","60.789","4,5","30.634","4,5","30.155","4,6","1,02"
"Gaza Strip","2006","40 - 44","XG","50.557","3,8","25.868","3,8","24.689","3,7","1,05"
"Gaza Strip","2006","45 - 49","XG","39.175","2,9","19.979","2,9","19.196","2,9","1,04"
"Gaza Strip","2006","50 - 54","XG","28.327","2,1","14.267","2,1","14.060","2,1","1,01"
"Gaza Strip","2006","55 - 59","XG","21.844","1,6","11.054","1,6","10.790","1,6","1,02"
"Gaza Strip","2006","60 - 64","XG","15.327","1,1","7270","1,1","8057","1,2","0,90"
"Gaza Strip","2006","65 - 69","XG","12.245","0,9","5636","0,8","6609","1,0","0,85"
"Gaza Strip","2006","70 - 74","XG","10.562","0,8","4890","0,7","5672","0,9","0,86"
"Gaza Strip","2006","75 - 79","XG","6885","0,5","3148","0,5","3737","0,6","0,84"
"Gaza Strip","2006","80 - 84","XG","3741","0,3","1671","0,2","2070","0,3","0,81"
"Gaza Strip","2006","85 - 89","XG","1473","0,1","629","0,1","844","0,1","0,75"
"Gaza Strip","2006","90 - 94","XG","372","0,0","151","0,0","221","0,0","0,68"
"Gaza Strip","2006","95 - 99","XG","50","0,0","18","0,0","32","0,0","0,56"
"Gaza Strip","2006","100+","XG","5","0,0","2","0,0","3","0,0","0,67"
"Gaza Strip","2007","","XG","1.377.597","100,0","697.875","100,0","679.722","100,0","1,03"
"Gaza Strip","2007","0 - 4","XG","262.043","19,0","134.662","19,3","127.381","18,7","1,06"
"Gaza Strip","2007","5 - 9","XG","217.372","15,8","111.675","16,0","105.697","15,6","1,06"
"Gaza Strip","2007","10 - 14","XG","192.211","14,0","97.797","14,0","94.414","13,9","1,04"
"Gaza Strip","2007","15 - 19","XG","160.776","11,7","81.067","11,6","79.709","11,7","1,02"
"Gaza Strip","2007","20 - 24","XG","114.524","8,3","57.399","8,2","57.125","8,4","1,00"
"Gaza Strip","2007","25 - 29","XG","98.053","7,1","49.092","7,0","48.961","7,2","1,00"
"Gaza Strip","2007","30 - 34","XG","75.220","5,5","37.649","5,4","37.571","5,5","1,00"
"Gaza Strip","2007","35 - 39","XG","61.634","4,5","30.789","4,4","30.845","4,5","1,00"
"Gaza Strip","2007","40 - 44","XG","51.461","3,7","26.128","3,7","25.333","3,7","1,03"
"Gaza Strip","2007","45 - 49","XG","40.620","2,9","20.689","3,0","19.931","2,9","1,04"
"Gaza Strip","2007","50 - 54","XG","29.393","2,1","14.873","2,1","14.520","2,1","1,02"
"Gaza Strip","2007","55 - 59","XG","22.816","1,7","11.750","1,7","11.066","1,6","1,06"
"Gaza Strip","2007","60 - 64","XG","15.971","1,2","7811","1,1","8160","1,2","0,96"
"Gaza Strip","2007","65 - 69","XG","12.147","0,9","5703","0,8","6444","0,9","0,89"
"Gaza Strip","2007","70 - 74","XG","10.566","0,8","4963","0,7","5603","0,8","0,89"
"Gaza Strip","2007","75 - 79","XG","7014","0,5","3260","0,5","3754","0,6","0,87"
"Gaza Strip","2007","80 - 84","XG","3819","0,3","1733","0,2","2086","0,3","0,83"
"Gaza Strip","2007","85 - 89","XG","1514","0,1","657","0,1","857","0,1","0,77"
"Gaza Strip","2007","90 - 94","XG","383","0,0","156","0,0","227","0,0","0,69"
"Gaza Strip","2007","95 - 99","XG","54","0,0","20","0,0","34","0,0","0,59"
"Gaza Strip","2007","100+","XG","6","0,0","2","0,0","4","0,0","0,50"
"Gaza Strip","2008","","XG","1.416.563","100,0","717.280","100,0","699.283","100,0","1,03"
"Gaza Strip","2008","0 - 4","XG","269.301","19,0","138.394","19,3","130.907","18,7","1,06"
"Gaza Strip","2008","5 - 9","XG","225.049","15,9","115.622","16,1","109.427","15,6","1,06"
"Gaza Strip","2008","10 - 14","XG","193.956","13,7","98.728","13,8","95.228","13,6","1,04"
"Gaza Strip","2008","15 - 19","XG","166.570","11,8","83.878","11,7","82.692","11,8","1,01"
"Gaza Strip","2008","20 - 24","XG","120.017","8,5","60.034","8,4","59.983","8,6","1,00"
"Gaza Strip","2008","25 - 29","XG","99.479","7,0","49.655","6,9","49.824","7,1","1,00"
"Gaza Strip","2008","30 - 34","XG","78.046","5,5","38.912","5,4","39.134","5,6","0,99"
"Gaza Strip","2008","35 - 39","XG","62.675","4,4","31.108","4,3","31.567","4,5","0,99"
"Gaza Strip","2008","40 - 44","XG","52.446","3,7","26.391","3,7","26.055","3,7","1,01"
"Gaza Strip","2008","45 - 49","XG","42.021","3,0","21.353","3,0","20.668","3,0","1,03"
"Gaza Strip","2008","50 - 54","XG","30.738","2,2","15.596","2,2","15.142","2,2","1,03"
"Gaza Strip","2008","55 - 59","XG","23.692","1,7","12.322","1,7","11.370","1,6","1,08"
"Gaza Strip","2008","60 - 64","XG","16.792","1,2","8435","1,2","8357","1,2","1,01"
"Gaza Strip","2008","65 - 69","XG","12.212","0,9","5838","0,8","6374","0,9","0,92"
"Gaza Strip","2008","70 - 74","XG","10.452","0,7","4964","0,7","5488","0,8","0,90"
"Gaza Strip","2008","75 - 79","XG","7185","0,5","3390","0,5","3795","0,5","0,89"
"Gaza Strip","2008","80 - 84","XG","3913","0,3","1789","0,2","2124","0,3","0,84"
"Gaza Strip","2008","85 - 89","XG","1558","0,1","683","0,1","875","0,1","0,78"
"Gaza Strip","2008","90 - 94","XG","400","0,0","166","0,0","234","0,0","0,71"
"Gaza Strip","2008","95 - 99","XG","57","0,0","21","0,0","36","0,0","0,58"
"Gaza Strip","2008","100+","XG","4","0,0","1","0,0","3","0,0","0,33"
"Gaza Strip","2009","","XG","1.461.252","100,0","739.815","100,0","721.437","100,0","1,03"
"Gaza Strip","2009","0 - 4","XG","275.095","18,8","141.374","19,1","133.721","18,5","1,06"
"Gaza Strip","2009","5 - 9","XG","233.103","16,0","119.763","16,2","113.340","15,7","1,06"
"Gaza Strip","2009","10 - 14","XG","197.521","13,5","100.710","13,6","96.811","13,4","1,04"
"Gaza Strip","2009","15 - 19","XG","172.034","11,8","86.644","11,7","85.390","11,8","1,01"
"Gaza Strip","2009","20 - 24","XG","128.018","8,8","63.992","8,6","64.026","8,9","1,00"
"Gaza Strip","2009","25 - 29","XG","100.789","6,9","50.216","6,8","50.573","7,0","0,99"
"Gaza Strip","2009","30 - 34","XG","81.990","5,6","40.802","5,5","41.188","5,7","0,99"
"Gaza Strip","2009","35 - 39","XG","64.248","4,4","31.801","4,3","32.447","4,5","0,98"
"Gaza Strip","2009","40 - 44","XG","53.767","3,7","26.853","3,6","26.914","3,7","1,00"
"Gaza Strip","2009","45 - 49","XG","43.630","3,0","22.117","3,0","21.513","3,0","1,03"
"Gaza Strip","2009","50 - 54","XG","32.450","2,2","16.480","2,2","15.970","2,2","1,03"
"Gaza Strip","2009","55 - 59","XG","24.530","1,7","12.757","1,7","11.773","1,6","1,08"
"Gaza Strip","2009","60 - 64","XG","17.808","1,2","9116","1,2","8692","1,2","1,05"
"Gaza Strip","2009","65 - 69","XG","12.466","0,9","6023","0,8","6443","0,9","0,93"
"Gaza Strip","2009","70 - 74","XG","10.290","0,7","4908","0,7","5382","0,7","0,91"
"Gaza Strip","2009","75 - 79","XG","7405","0,5","3511","0,5","3894","0,5","0,90"
"Gaza Strip","2009","80 - 84","XG","4015","0,3","1843","0,2","2172","0,3","0,85"
"Gaza Strip","2009","85 - 89","XG","1609","0,1","708","0,1","901","0,1","0,79"
"Gaza Strip","2009","90 - 94","XG","420","0,0","173","0,0","247","0,0","0,70"
"Gaza Strip","2009","95 - 99","XG","58","0,0","22","0,0","36","0,0","0,61"
"Gaza Strip","2009","100+","XG","6","0,0","2","0,0","4","0,0","0,50"
"Gaza Strip","2010","","XG","1.509.928","100,0","764.642","100,0","745.286","100,0","1,03"
"Gaza Strip","2010","0 - 4","XG","279.422","18,5","143.602","18,8","135.820","18,2","1,06"
"Gaza Strip","2010","5 - 9","XG","241.478","16,0","124.073","16,2","117.405","15,8","1,06"
"Gaza Strip","2010","10 - 14","XG","202.479","13,4","103.471","13,5","99.008","13,3","1,05"
"Gaza Strip","2010","15 - 19","XG","177.217","11,7","89.359","11,7","87.858","11,8","1,02"
"Gaza Strip","2010","20 - 24","XG","137.515","9,1","68.785","9,0","68.730","9,2","1,00"
"Gaza Strip","2010","25 - 29","XG","102.551","6,8","51.061","6,7","51.490","6,9","0,99"
"Gaza Strip","2010","30 - 34","XG","86.501","5,7","43.027","5,6","43.474","5,8","0,99"
"Gaza Strip","2010","35 - 39","XG","66.347","4,4","32.840","4,3","33.507","4,5","0,98"
"Gaza Strip","2010","40 - 44","XG","55.352","3,7","27.481","3,6","27.871","3,7","0,99"
"Gaza Strip","2010","45 - 49","XG","45.356","3,0","22.940","3,0","22.416","3,0","1,02"
"Gaza Strip","2010","50 - 54","XG","34.399","2,3","17.473","2,3","16.926","2,3","1,03"
"Gaza Strip","2010","55 - 59","XG","25.415","1,7","13.147","1,7","12.268","1,6","1,07"
"Gaza Strip","2010","60 - 64","XG","18.933","1,3","9809","1,3","9124","1,2","1,08"
"Gaza Strip","2010","65 - 69","XG","12.893","0,9","6286","0,8","6607","0,9","0,95"
"Gaza Strip","2010","70 - 74","XG","10.132","0,7","4835","0,6","5297","0,7","0,91"
"Gaza Strip","2010","75 - 79","XG","7634","0,5","3617","0,5","4017","0,5","0,90"
"Gaza Strip","2010","80 - 84","XG","4125","0,3","1895","0,2","2230","0,3","0,85"
"Gaza Strip","2010","85 - 89","XG","1672","0,1","735","0,1","937","0,1","0,78"
"Gaza Strip","2010","90 - 94","XG","438","0,0","180","0,0","258","0,0","0,70"
"Gaza Strip","2010","95 - 99","XG","64","0,0","24","0,0","40","0,0","0,60"
"Gaza Strip","2010","100+","XG","5","0,0","2","0,0","3","0,0","0,67"
"Gaza Strip","2011","","XG","1.560.230","100,0","790.372","100,0","769.858","100,0","1,03"
"Gaza Strip","2011","0 - 4","XG","281.968","18,1","144.917","18,3","137.051","17,8","1,06"
"Gaza Strip","2011","5 - 9","XG","250.139","16,0","128.529","16,3","121.610","15,8","1,06"
"Gaza Strip","2011","10 - 14","XG","208.284","13,3","106.670","13,5","101.614","13,2","1,05"
"Gaza Strip","2011","15 - 19","XG","182.268","11,7","92.066","11,6","90.202","11,7","1,02"
"Gaza Strip","2011","20 - 24","XG","147.145","9,4","73.679","9,3","73.466","9,5","1,00"
"Gaza Strip","2011","25 - 29","XG","105.583","6,8","52.570","6,7","53.013","6,9","0,99"
"Gaza Strip","2011","30 - 34","XG","90.828","5,8","45.178","5,7","45.650","5,9","0,99"
"Gaza Strip","2011","35 - 39","XG","68.993","4,4","34.174","4,3","34.819","4,5","0,98"
"Gaza Strip","2011","40 - 44","XG","57.101","3,7","28.236","3,6","28.865","3,7","0,98"
"Gaza Strip","2011","45 - 49","XG","47.130","3,0","23.769","3,0","23.361","3,0","1,02"
"Gaza Strip","2011","50 - 54","XG","36.432","2,3","18.499","2,3","17.933","2,3","1,03"
"Gaza Strip","2011","55 - 59","XG","26.447","1,7","13.586","1,7","12.861","1,7","1,06"
"Gaza Strip","2011","60 - 64","XG","20.057","1,3","10.468","1,3","9589","1,2","1,09"
"Gaza Strip","2011","65 - 69","XG","13.476","0,9","6625","0,8","6851","0,9","0,97"
"Gaza Strip","2011","70 - 74","XG","10.049","0,6","4793","0,6","5256","0,7","0,91"
"Gaza Strip","2011","75 - 79","XG","7808","0,5","3684","0,5","4124","0,5","0,89"
"Gaza Strip","2011","80 - 84","XG","4252","0,3","1952","0,2","2300","0,3","0,85"
"Gaza Strip","2011","85 - 89","XG","1739","0,1","763","0,1","976","0,1","0,78"
"Gaza Strip","2011","90 - 94","XG","458","0,0","187","0,0","271","0,0","0,69"
"Gaza Strip","2011","95 - 99","XG","67","0,0","25","0,0","42","0,0","0,60"
"Gaza Strip","2011","100+","XG","6","0,0","2","0,0","4","0,0","0,50"
"Gaza Strip","2012","","XG","1.610.287","100,0","815.968","100,0","794.319","100,0","1,03"
"Gaza Strip","2012","0 - 4","XG","282.457","17,5","145.172","17,8","137.285","17,3","1,06"
"Gaza Strip","2012","5 - 9","XG","259.009","16,1","133.097","16,3","125.912","15,9","1,06"
"Gaza Strip","2012","10 - 14","XG","214.556","13,3","110.077","13,5","104.479","13,2","1,05"
"Gaza Strip","2012","15 - 19","XG","187.371","11,6","94.818","11,6","92.553","11,7","1,02"
"Gaza Strip","2012","20 - 24","XG","155.896","9,7","78.144","9,6","77.752","9,8","1,01"
"Gaza Strip","2012","25 - 29","XG","110.410","6,9","54.993","6,7","55.417","7,0","0,99"
"Gaza Strip","2012","30 - 34","XG","94.458","5,9","46.979","5,8","47.479","6,0","0,99"
"Gaza Strip","2012","35 - 39","XG","72.169","4,5","35.773","4,4","36.396","4,6","0,98"
"Gaza Strip","2012","40 - 44","XG","58.928","3,7","29.062","3,6","29.866","3,8","0,97"
"Gaza Strip","2012","45 - 49","XG","48.878","3,0","24.563","3,0","24.315","3,1","1,01"
"Gaza Strip","2012","50 - 54","XG","38.400","2,4","19.475","2,4","18.925","2,4","1,03"
"Gaza Strip","2012","55 - 59","XG","27.710","1,7","14.159","1,7","13.551","1,7","1,04"
"Gaza Strip","2012","60 - 64","XG","21.116","1,3","11.047","1,4","10.069","1,3","1,10"
"Gaza Strip","2012","65 - 69","XG","14.186","0,9","7055","0,9","7131","0,9","0,99"
"Gaza Strip","2012","70 - 74","XG","10.084","0,6","4811","0,6","5273","0,7","0,91"
"Gaza Strip","2012","75 - 79","XG","7898","0,5","3716","0,5","4182","0,5","0,89"
"Gaza Strip","2012","80 - 84","XG","4392","0,3","2013","0,2","2379","0,3","0,85"
"Gaza Strip","2012","85 - 89","XG","1808","0,1","789","0,1","1019","0,1","0,77"
"Gaza Strip","2012","90 - 94","XG","483","0,0","196","0,0","287","0,0","0,68"
"Gaza Strip","2012","95 - 99","XG","73","0,0","27","0,0","46","0,0","0,59"
"Gaza Strip","2012","100+","XG","5","0,0","2","0,0","3","0,0","0,67"
"Gaza Strip","2013","","XG","1.660.336","100,0","841.551","100,0","818.785","100,0","1,03"
"Gaza Strip","2013","0 - 4","XG","282.097","17,0","144.992","17,2","137.105","16,7","1,06"
"Gaza Strip","2013","5 - 9","XG","267.125","16,1","137.272","16,3","129.853","15,9","1,06"
"Gaza Strip","2013","10 - 14","XG","223.133","13,4","114.536","13,6","108.597","13,3","1,05"
"Gaza Strip","2013","15 - 19","XG","190.889","11,5","96.881","11,5","94.008","11,5","1,03"
"Gaza Strip","2013","20 - 24","XG","163.393","9,8","81.996","9,7","81.397","9,9","1,01"
"Gaza Strip","2013","25 - 29","XG","117.318","7,1","58.472","6,9","58.846","7,2","0,99"
"Gaza Strip","2013","30 - 34","XG","97.136","5,9","48.301","5,7","48.835","6,0","0,99"
"Gaza Strip","2013","35 - 39","XG","76.019","4,6","37.694","4,5","38.325","4,7","0,98"
"Gaza Strip","2013","40 - 44","XG","60.823","3,7","29.968","3,6","30.855","3,8","0,97"
"Gaza Strip","2013","45 - 49","XG","50.592","3,0","25.303","3,0","25.289","3,1","1,00"
"Gaza Strip","2013","50 - 54","XG","40.290","2,4","20.408","2,4","19.882","2,4","1,03"
"Gaza Strip","2013","55 - 59","XG","29.242","1,8","14.889","1,8","14.353","1,8","1,04"
"Gaza Strip","2013","60 - 64","XG","22.067","1,3","11.529","1,4","10.538","1,3","1,09"
"Gaza Strip","2013","65 - 69","XG","15.045","0,9","7576","0,9","7469","0,9","1,01"
"Gaza Strip","2013","70 - 74","XG","10.242","0,6","4894","0,6","5348","0,7","0,92"
"Gaza Strip","2013","75 - 79","XG","7886","0,5","3697","0,4","4189","0,5","0,88"
"Gaza Strip","2013","80 - 84","XG","4563","0,3","2093","0,2","2470","0,3","0,85"
"Gaza Strip","2013","85 - 89","XG","1884","0,1","814","0,1","1070","0,1","0,76"
"Gaza Strip","2013","90 - 94","XG","508","0,0","205","0,0","303","0,0","0,68"
"Gaza Strip","2013","95 - 99","XG","77","0,0","29","0,0","48","0,0","0,60"
"Gaza Strip","2013","100+","XG","7","0,0","2","0,0","5","0,0","0,40"
"Gaza Strip","2014","","XG","1.709.702","100,0","866.586","100,0","843.116","100,0","1,03"
"Gaza Strip","2014","0 - 4","XG","282.146","16,5","145.021","16,7","137.125","16,3","1,06"
"Gaza Strip","2014","5 - 9","XG","273.252","16,0","140.428","16,2","132.824","15,8","1,06"
"Gaza Strip","2014","10 - 14","XG","231.533","13,5","118.872","13,7","112.661","13,4","1,06"
"Gaza Strip","2014","15 - 19","XG","195.134","11,4","99.272","11,5","95.862","11,4","1,04"
"Gaza Strip","2014","20 - 24","XG","169.580","9,9","85.193","9,8","84.387","10,0","1,01"
"Gaza Strip","2014","25 - 29","XG","125.907","7,4","62.771","7,2","63.136","7,5","0,99"
"Gaza Strip","2014","30 - 34","XG","98.996","5,8","49.190","5,7","49.806","5,9","0,99"
"Gaza Strip","2014","35 - 39","XG","80.396","4,7","39.860","4,6","40.536","4,8","0,98"
"Gaza Strip","2014","40 - 44","XG","62.770","3,7","30.918","3,6","31.852","3,8","0,97"
"Gaza Strip","2014","45 - 49","XG","52.231","3,1","25.975","3,0","26.256","3,1","0,99"
"Gaza Strip","2014","50 - 54","XG","42.123","2,5","21.304","2,5","20.819","2,5","1,02"
"Gaza Strip","2014","55 - 59","XG","31.012","1,8","15.761","1,8","15.251","1,8","1,03"
"Gaza Strip","2014","60 - 64","XG","22.919","1,3","11.906","1,4","11.013","1,3","1,08"
"Gaza Strip","2014","65 - 69","XG","16.024","0,9","8168","0,9","7856","0,9","1,04"
"Gaza Strip","2014","70 - 74","XG","10.525","0,6","5039","0,6","5486","0,7","0,92"
"Gaza Strip","2014","75 - 79","XG","7811","0,5","3649","0,4","4162","0,5","0,88"
"Gaza Strip","2014","80 - 84","XG","4752","0,3","2169","0,3","2583","0,3","0,84"
"Gaza Strip","2014","85 - 89","XG","1963","0,1","843","0,1","1120","0,1","0,75"
"Gaza Strip","2014","90 - 94","XG","536","0,0","214","0,0","322","0,0","0,66"
"Gaza Strip","2014","95 - 99","XG","86","0,0","31","0,0","55","0,0","0,56"
"Gaza Strip","2014","100+","XG","6","0,0","2","0,0","4","0,0","0,50"
"Gaza Strip","2015","","XG","1.759.231","100,0","891.697","100,0","867.534","100,0","1,03"
"Gaza Strip","2015","0 - 4","XG","282.497","16,1","145.205","16,3","137.292","15,8","1,06"
"Gaza Strip","2015","5 - 9","XG","277.621","15,8","142.678","16,0","134.943","15,6","1,06"
"Gaza Strip","2015","10 - 14","XG","239.925","13,6","123.193","13,8","116.732","13,5","1,06"
"Gaza Strip","2015","15 - 19","XG","200.207","11,4","102.098","11,4","98.109","11,3","1,04"
"Gaza Strip","2015","20 - 24","XG","174.870","9,9","87.946","9,9","86.924","10,0","1,01"
"Gaza Strip","2015","25 - 29","XG","135.469","7,7","67.580","7,6","67.889","7,8","1,00"
"Gaza Strip","2015","30 - 34","XG","100.872","5,7","50.087","5,6","50.785","5,9","0,99"
"Gaza Strip","2015","35 - 39","XG","84.974","4,8","42.118","4,7","42.856","4,9","0,98"
"Gaza Strip","2015","40 - 44","XG","64.938","3,7","31.999","3,6","32.939","3,8","0,97"
"Gaza Strip","2015","45 - 49","XG","53.877","3,1","26.641","3,0","27.236","3,1","0,98"
"Gaza Strip","2015","50 - 54","XG","43.890","2,5","22.149","2,5","21.741","2,5","1,02"
"Gaza Strip","2015","55 - 59","XG","32.934","1,9","16.724","1,9","16.210","1,9","1,03"
"Gaza Strip","2015","60 - 64","XG","23.781","1,4","12.263","1,4","11.518","1,3","1,06"
"Gaza Strip","2015","65 - 69","XG","17.075","1,0","8785","1,0","8290","1,0","1,06"
"Gaza Strip","2015","70 - 74","XG","10.921","0,6","5258","0,6","5663","0,7","0,93"
"Gaza Strip","2015","75 - 79","XG","7731","0,4","3601","0,4","4130","0,5","0,87"
"Gaza Strip","2015","80 - 84","XG","4937","0,3","2239","0,3","2698","0,3","0,83"
"Gaza Strip","2015","85 - 89","XG","2044","0,1","873","0,1","1171","0,1","0,75"
"Gaza Strip","2015","90 - 94","XG","570","0,0","225","0,0","345","0,0","0,65"
"Gaza Strip","2015","95 - 99","XG","90","0,0","31","0,0","59","0,0","0,53"
"Gaza Strip","2015","100+","XG","8","0,0","4","0,0","4","0,0","1,00"
"Gaza Strip","2016","","XG","1.809.738","100,0","917.490","100,0","892.248","100,0","1,03"
"Gaza Strip","2016","0 - 4","XG","283.124","15,6","145.530","15,9","137.594","15,4","1,06"
"Gaza Strip","2016","5 - 9","XG","280.190","15,5","144.005","15,7","136.185","15,3","1,06"
"Gaza Strip","2016","10 - 14","XG","248.578","13,7","127.643","13,9","120.935","13,6","1,06"
"Gaza Strip","2016","15 - 19","XG","206.045","11,4","105.330","11,5","100.715","11,3","1,05"
"Gaza Strip","2016","20 - 24","XG","179.906","9,9","90.638","9,9","89.268","10,0","1,02"
"Gaza Strip","2016","25 - 29","XG","145.048","8,0","72.438","7,9","72.610","8,1","1,00"
"Gaza Strip","2016","30 - 34","XG","103.891","5,7","51.585","5,6","52.306","5,9","0,99"
"Gaza Strip","2016","35 - 39","XG","89.279","4,9","44.254","4,8","45.025","5,0","0,98"
"Gaza Strip","2016","40 - 44","XG","67.571","3,7","33.323","3,6","34.248","3,8","0,97"
"Gaza Strip","2016","45 - 49","XG","55.608","3,1","27.387","3,0","28.221","3,2","0,97"
"Gaza Strip","2016","50 - 54","XG","45.627","2,5","22.954","2,5","22.673","2,5","1,01"
"Gaza Strip","2016","55 - 59","XG","34.914","1,9","17.718","1,9","17.196","1,9","1,03"
"Gaza Strip","2016","60 - 64","XG","24.778","1,4","12.684","1,4","12.094","1,4","1,05"
"Gaza Strip","2016","65 - 69","XG","18.114","1,0","9384","1,0","8730","1,0","1,07"
"Gaza Strip","2016","70 - 74","XG","11.447","0,6","5557","0,6","5890","0,7","0,94"
"Gaza Strip","2016","75 - 79","XG","7703","0,4","3586","0,4","4117","0,5","0,87"
"Gaza Strip","2016","80 - 84","XG","5078","0,3","2292","0,2","2786","0,3","0,82"
"Gaza Strip","2016","85 - 89","XG","2127","0,1","908","0,1","1219","0,1","0,74"
"Gaza Strip","2016","90 - 94","XG","603","0,0","237","0,0","366","0,0","0,65"
"Gaza Strip","2016","95 - 99","XG","98","0,0","34","0,0","64","0,0","0,53"
"Gaza Strip","2016","100+","XG","9","0,0","3","0,0","6","0,0","0,50"
"Gaza Strip","2017","","XG","1.860.123","100,0","943.209","100,0","916.914","100,0","1,03"
"Gaza Strip","2017","0 - 4","XG","283.866","15,3","145.911","15,5","137.955","15,0","1,06"
"Gaza Strip","2017","5 - 9","XG","280.712","15,1","144.277","15,3","136.435","14,9","1,06"
"Gaza Strip","2017","10 - 14","XG","257.443","13,8","132.208","14,0","125.235","13,7","1,06"
"Gaza Strip","2017","15 - 19","XG","212.345","11,4","108.767","11,5","103.578","11,3","1,05"
"Gaza Strip","2017","20 - 24","XG","184.994","9,9","93.378","9,9","91.616","10,0","1,02"
"Gaza Strip","2017","25 - 29","XG","153.758","8,3","76.873","8,2","76.885","8,4","1,00"
"Gaza Strip","2017","30 - 34","XG","108.702","5,8","53.993","5,7","54.709","6,0","0,99"
"Gaza Strip","2017","35 - 39","XG","92.889","5,0","46.041","4,9","46.848","5,1","0,98"
"Gaza Strip","2017","40 - 44","XG","70.726","3,8","34.909","3,7","35.817","3,9","0,97"
"Gaza Strip","2017","45 - 49","XG","57.424","3,1","28.206","3,0","29.218","3,2","0,97"
"Gaza Strip","2017","50 - 54","XG","47.344","2,5","23.727","2,5","23.617","2,6","1,00"
"Gaza Strip","2017","55 - 59","XG","36.831","2,0","18.664","2,0","18.167","2,0","1,03"
"Gaza Strip","2017","60 - 64","XG","25.999","1,4","13.234","1,4","12.765","1,4","1,04"
"Gaza Strip","2017","65 - 69","XG","19.099","1,0","9914","1,1","9185","1,0","1,08"
"Gaza Strip","2017","70 - 74","XG","12.088","0,6","5935","0,6","6153","0,7","0,96"
"Gaza Strip","2017","75 - 79","XG","7767","0,4","3617","0,4","4150","0,5","0,87"
"Gaza Strip","2017","80 - 84","XG","5162","0,3","2321","0,2","2841","0,3","0,82"
"Gaza Strip","2017","85 - 89","XG","2222","0,1","945","0,1","1277","0,1","0,74"
"Gaza Strip","2017","90 - 94","XG","638","0,0","250","0,0","388","0,0","0,64"
"Gaza Strip","2017","95 - 99","XG","105","0,0","36","0,0","69","0,0","0,52"
"Gaza Strip","2017","100+","XG","9","0,0","3","0,0","6","0,0","0,50"
"Gaza Strip","2018","","XG","1.901.997","100,0","964.649","100,0","937.348","100,0","1,03"
"Gaza Strip","2018","0 - 4","XG","283.540","14,9","145.769","15,1","137.771","14,7","1,06"
"Gaza Strip","2018","5 - 9","XG","279.871","14,7","143.873","14,9","135.998","14,5","1,06"
"Gaza Strip","2018","10 - 14","XG","264.440","13,9","135.709","14,1","128.731","13,7","1,05"
"Gaza Strip","2018","15 - 19","XG","219.767","11,6","112.601","11,7","107.166","11,4","1,05"
"Gaza Strip","2018","20 - 24","XG","187.531","9,9","94.907","9,8","92.624","9,9","1,02"
"Gaza Strip","2018","25 - 29","XG","160.356","8,4","80.228","8,3","80.128","8,5","1,00"
"Gaza Strip","2018","30 - 34","XG","114.875","6,0","57.043","5,9","57.832","6,2","0,99"
"Gaza Strip","2018","35 - 39","XG","94.968","5,0","46.985","4,9","47.983","5,1","0,98"
"Gaza Strip","2018","40 - 44","XG","74.049","3,9","36.507","3,8","37.542","4,0","0,97"
"Gaza Strip","2018","45 - 49","XG","58.918","3,1","28.901","3,0","30.017","3,2","0,96"
"Gaza Strip","2018","50 - 54","XG","48.826","2,6","24.398","2,5","24.428","2,6","1,00"
"Gaza Strip","2018","55 - 59","XG","38.578","2,0","19.617","2,0","18.961","2,0","1,03"
"Gaza Strip","2018","60 - 64","XG","27.390","1,4","13.967","1,4","13.423","1,4","1,04"
"Gaza Strip","2018","65 - 69","XG","19.915","1,0","10.390","1,1","9525","1,0","1,09"
"Gaza Strip","2018","70 - 74","XG","12.800","0,7","6414","0,7","6386","0,7","1,00"
"Gaza Strip","2018","75 - 79","XG","7888","0,4","3712","0,4","4176","0,4","0,89"
"Gaza Strip","2018","80 - 84","XG","5163","0,3","2329","0,2","2834","0,3","0,82"
"Gaza Strip","2018","85 - 89","XG","2325","0,1","995","0,1","1330","0,1","0,75"
"Gaza Strip","2018","90 - 94","XG","673","0,0","261","0,0","412","0,0","0,63"
"Gaza Strip","2018","95 - 99","XG","113","0,0","39","0,0","74","0,0","0,53"
"Gaza Strip","2018","100+","XG","11","0,0","4","0,0","7","0,0","0,57"
"Gaza Strip","2019","","XG","1.935.117","100,0","981.674","100,0","953.443","100,0","1,03"
"Gaza Strip","2019","0 - 4","XG","281.804","14,6","144.917","14,8","136.887","14,4","1,06"
"Gaza Strip","2019","5 - 9","XG","279.052","14,4","143.501","14,6","135.551","14,2","1,06"
"Gaza Strip","2019","10 - 14","XG","268.743","13,9","137.770","14,0","130.973","13,7","1,05"
"Gaza Strip","2019","15 - 19","XG","225.848","11,7","115.648","11,8","110.200","11,6","1,05"
"Gaza Strip","2019","20 - 24","XG","189.926","9,8","96.330","9,8","93.596","9,8","1,03"
"Gaza Strip","2019","25 - 29","XG","164.859","8,5","82.545","8,4","82.314","8,6","1,00"
"Gaza Strip","2019","30 - 34","XG","122.067","6,3","60.562","6,2","61.505","6,5","0,98"
"Gaza Strip","2019","35 - 39","XG","95.671","4,9","47.169","4,8","48.502","5,1","0,97"
"Gaza Strip","2019","40 - 44","XG","77.435","4,0","38.059","3,9","39.376","4,1","0,97"
"Gaza Strip","2019","45 - 49","XG","60.055","3,1","29.425","3,0","30.630","3,2","0,96"
"Gaza Strip","2019","50 - 54","XG","49.999","2,6","24.903","2,5","25.096","2,6","0,99"
"Gaza Strip","2019","55 - 59","XG","40.180","2,1","20.594","2,1","19.586","2,1","1,05"
"Gaza Strip","2019","60 - 64","XG","28.926","1,5","14.874","1,5","14.052","1,5","1,06"
"Gaza Strip","2019","65 - 69","XG","20.576","1,1","10.819","1,1","9757","1,0","1,11"
"Gaza Strip","2019","70 - 74","XG","13.550","0,7","6980","0,7","6570","0,7","1,06"
"Gaza Strip","2019","75 - 79","XG","8066","0,4","3876","0,4","4190","0,4","0,93"
"Gaza Strip","2019","80 - 84","XG","5093","0,3","2331","0,2","2762","0,3","0,84"
"Gaza Strip","2019","85 - 89","XG","2427","0,1","1049","0,1","1378","0,1","0,76"
"Gaza Strip","2019","90 - 94","XG","706","0,0","277","0,0","429","0,0","0,65"
"Gaza Strip","2019","95 - 99","XG","122","0,0","41","0,0","81","0,0","0,51"
"Gaza Strip","2019","100+","XG","12","0,0","4","0,0","8","0,0","0,50"
"Gaza Strip","2020","","XG","1.972.024","100,0","1.000.500","100,0","971.524","100,0","1,03"
"Gaza Strip","2020","0 - 4","XG","279.711","14,2","143.844","14,4","135.867","14,0","1,06"
"Gaza Strip","2020","5 - 9","XG","278.794","14,1","143.403","14,3","135.391","13,9","1,06"
"Gaza Strip","2020","10 - 14","XG","272.251","13,8","139.524","13,9","132.727","13,7","1,05"
"Gaza Strip","2020","15 - 19","XG","232.580","11,8","119.012","11,9","113.568","11,7","1,05"
"Gaza Strip","2020","20 - 24","XG","193.671","9,8","98.465","9,8","95.206","9,8","1,03"
"Gaza Strip","2020","25 - 29","XG","168.960","8,6","84.689","8,5","84.271","8,7","1,00"
"Gaza Strip","2020","30 - 34","XG","130.612","6,6","64.828","6,5","65.784","6,8","0,99"
"Gaza Strip","2020","35 - 39","XG","96.698","4,9","47.568","4,8","49.130","5,1","0,97"
"Gaza Strip","2020","40 - 44","XG","81.305","4,1","39.871","4,0","41.434","4,3","0,96"
"Gaza Strip","2020","45 - 49","XG","61.581","3,1","30.145","3,0","31.436","3,2","0,96"
"Gaza Strip","2020","50 - 54","XG","51.223","2,6","25.377","2,5","25.846","2,7","0,98"
"Gaza Strip","2020","55 - 59","XG","41.711","2,1","21.438","2,1","20.273","2,1","1,06"
"Gaza Strip","2020","60 - 64","XG","30.620","1,6","15.821","1,6","14.799","1,5","1,07"
"Gaza Strip","2020","65 - 69","XG","21.254","1,1","11.179","1,1","10.075","1,0","1,11"
"Gaza Strip","2020","70 - 74","XG","14.358","0,7","7534","0,8","6824","0,7","1,10"
"Gaza Strip","2020","75 - 79","XG","8310","0,4","4065","0,4","4245","0,4","0,96"
"Gaza Strip","2020","80 - 84","XG","5006","0,3","2314","0,2","2692","0,3","0,86"
"Gaza Strip","2020","85 - 89","XG","2509","0,1","1088","0,1","1421","0,1","0,77"
"Gaza Strip","2020","90 - 94","XG","728","0,0","287","0,0","441","0,0","0,65"
"Gaza Strip","2020","95 - 99","XG","128","0,0","43","0,0","85","0,0","0,51"
"Gaza Strip","2020","100+","XG","14","0,0","5","0,0","9","0,0","0,56"
"Gaza Strip","2021","","XG","2.012.914","100,0","1.021.093","100,0","991.821","100,0","1,03"
"Gaza Strip","2021","0 - 4","XG","278.269","13,8","143.053","14,0","135.216","13,6","1,06"
"Gaza Strip","2021","5 - 9","XG","278.991","13,9","143.520","14,1","135.471","13,7","1,06"
"Gaza Strip","2021","10 - 14","XG","274.616","13,6","140.774","13,8","133.842","13,5","1,05"
"Gaza Strip","2021","15 - 19","XG","240.231","11,9","122.856","12,0","117.375","11,8","1,05"
"Gaza Strip","2021","20 - 24","XG","198.515","9,9","101.131","9,9","97.384","9,8","1,04"
"Gaza Strip","2021","25 - 29","XG","173.172","8,6","86.926","8,5","86.246","8,7","1,01"
"Gaza Strip","2021","30 - 34","XG","139.425","6,9","69.271","6,8","70.154","7,1","0,99"
"Gaza Strip","2021","35 - 39","XG","99.101","4,9","48.712","4,8","50.389","5,1","0,97"
"Gaza Strip","2021","40 - 44","XG","85.079","4,2","41.664","4,1","43.415","4,4","0,96"
"Gaza Strip","2021","45 - 49","XG","63.694","3,2","31.143","3,0","32.551","3,3","0,96"
"Gaza Strip","2021","50 - 54","XG","52.517","2,6","25.877","2,5","26.640","2,7","0,97"
"Gaza Strip","2021","55 - 59","XG","43.131","2,1","22.095","2,2","21.036","2,1","1,05"
"Gaza Strip","2021","60 - 64","XG","32.287","1,6","16.691","1,6","15.596","1,6","1,07"
"Gaza Strip","2021","65 - 69","XG","21.978","1,1","11.492","1,1","10.486","1,1","1,10"
"Gaza Strip","2021","70 - 74","XG","15.063","0,7","7969","0,8","7094","0,7","1,12"
"Gaza Strip","2021","75 - 79","XG","8575","0,4","4238","0,4","4337","0,4","0,98"
"Gaza Strip","2021","80 - 84","XG","4885","0,2","2265","0,2","2620","0,3","0,86"
"Gaza Strip","2021","85 - 89","XG","2507","0,1","1079","0,1","1428","0,1","0,76"
"Gaza Strip","2021","90 - 94","XG","734","0,0","288","0,0","446","0,0","0,65"
"Gaza Strip","2021","95 - 99","XG","132","0,0","46","0,0","86","0,0","0,53"
"Gaza Strip","2021","100+","XG","12","0,0","3","0,0","9","0,0","0,33"
"Gaza Strip","2022","","XG","2.055.000","100,0","1.042.304","100,0","1.012.696","100,0","1,03"
"Gaza Strip","2022","0 - 4","XG","278.005","13,5","142.868","13,7","135.137","13,3","1,06"
"Gaza Strip","2022","5 - 9","XG","279.273","13,6","143.680","13,8","135.593","13,4","1,06"
"Gaza Strip","2022","10 - 14","XG","274.980","13,4","141.019","13,5","133.961","13,2","1,05"
"Gaza Strip","2022","15 - 19","XG","248.216","12,1","126.872","12,2","121.344","12,0","1,05"
"Gaza Strip","2022","20 - 24","XG","203.784","9,9","103.977","10,0","99.807","9,9","1,04"
"Gaza Strip","2022","25 - 29","XG","177.441","8,6","89.213","8,6","88.228","8,7","1,01"
"Gaza Strip","2022","30 - 34","XG","147.343","7,2","73.277","7,0","74.066","7,3","0,99"
"Gaza Strip","2022","35 - 39","XG","103.288","5,0","50.767","4,9","52.521","5,2","0,97"
"Gaza Strip","2022","40 - 44","XG","88.146","4,3","43.108","4,1","45.038","4,4","0,96"
"Gaza Strip","2022","45 - 49","XG","66.351","3,2","32.408","3,1","33.943","3,4","0,95"
"Gaza Strip","2022","50 - 54","XG","53.878","2,6","26.435","2,5","27.443","2,7","0,96"
"Gaza Strip","2022","55 - 59","XG","44.534","2,2","22.712","2,2","21.822","2,2","1,04"
"Gaza Strip","2022","60 - 64","XG","33.915","1,7","17.534","1,7","16.381","1,6","1,07"
"Gaza Strip","2022","65 - 69","XG","22.939","1,1","11.940","1,1","10.999","1,1","1,09"
"Gaza Strip","2022","70 - 74","XG","15.743","0,8","8360","0,8","7383","0,7","1,13"
"Gaza Strip","2022","75 - 79","XG","8951","0,4","4482","0,4","4469","0,4","1,00"
"Gaza Strip","2022","80 - 84","XG","4841","0,2","2251","0,2","2590","0,3","0,87"
"Gaza Strip","2022","85 - 89","XG","2483","0,1","1064","0,1","1419","0,1","0,75"
"Gaza Strip","2022","90 - 94","XG","745","0,0","289","0,0","456","0,0","0,63"
"Gaza Strip","2022","95 - 99","XG","131","0,0","44","0,0","87","0,0","0,51"
"Gaza Strip","2022","100+","XG","13","0,0","4","0,0","9","0,0","0,44"
"Gaza Strip","2023","","XG","2.098.389","100,0","1.064.348","100,0","1.034.041","100,0","1,03"
"Gaza Strip","2023","0 - 4","XG","278.511","13,3","143.109","13,4","135.402","13,1","1,06"
"Gaza Strip","2023","5 - 9","XG","279.047","13,3","143.583","13,5","135.464","13,1","1,06"
"Gaza Strip","2023","10 - 14","XG","274.493","13,1","140.861","13,2","133.632","12,9","1,05"
"Gaza Strip","2023","15 - 19","XG","255.642","12,2","130.586","12,3","125.056","12,1","1,04"
"Gaza Strip","2023","20 - 24","XG","211.361","10,1","107.887","10,1","103.474","10,0","1,04"
"Gaza Strip","2023","25 - 29","XG","180.167","8,6","90.837","8,5","89.330","8,6","1,02"
"Gaza Strip","2023","30 - 34","XG","154.037","7,3","76.690","7,2","77.347","7,5","0,99"
"Gaza Strip","2023","35 - 39","XG","109.552","5,2","53.884","5,1","55.668","5,4","0,97"
"Gaza Strip","2023","40 - 44","XG","90.302","4,3","44.106","4,1","46.196","4,5","0,95"
"Gaza Strip","2023","45 - 49","XG","69.733","3,3","34.025","3,2","35.708","3,5","0,95"
"Gaza Strip","2023","50 - 54","XG","55.364","2,6","27.103","2,5","28.261","2,7","0,96"
"Gaza Strip","2023","55 - 59","XG","45.962","2,2","23.303","2,2","22.659","2,2","1,03"
"Gaza Strip","2023","60 - 64","XG","35.604","1,7","18.430","1,7","17.174","1,7","1,07"
"Gaza Strip","2023","65 - 69","XG","24.244","1,2","12.596","1,2","11.648","1,1","1,08"
"Gaza Strip","2023","70 - 74","XG","16.471","0,8","8758","0,8","7713","0,7","1,14"
"Gaza Strip","2023","75 - 79","XG","9523","0,5","4844","0,5","4679","0,5","1,04"
"Gaza Strip","2023","80 - 84","XG","4947","0,2","2321","0,2","2626","0,3","0,88"
"Gaza Strip","2023","85 - 89","XG","2492","0,1","1071","0,1","1421","0,1","0,75"
"Gaza Strip","2023","90 - 94","XG","782","0,0","303","0,0","479","0,0","0,63"
"Gaza Strip","2023","95 - 99","XG","141","0,0","47","0,0","94","0,0","0,50"
"Gaza Strip","2023","100+","XG","14","0,0","4","0,0","10","0,0","0,40"
"Gaza Strip","2024","","XG","2.141.643","100,0","1.086.340","100,0","1.055.303","100,0","1,03"
"Gaza Strip","2024","0 - 4","XG","279.362","13,0","143.543","13,2","135.819","12,9","1,06"
"Gaza Strip","2024","5 - 9","XG","277.962","13,0","143.032","13,2","134.930","12,8","1,06"
"Gaza Strip","2024","10 - 14","XG","274.414","12,8","140.875","13,0","133.539","12,7","1,05"
"Gaza Strip","2024","15 - 19","XG","261.437","12,2","133.525","12,3","127.912","12,1","1,04"
"Gaza Strip","2024","20 - 24","XG","218.847","10,2","111.705","10,3","107.142","10,2","1,04"
"Gaza Strip","2024","25 - 29","XG","183.750","8,6","92.897","8,6","90.853","8,6","1,02"
"Gaza Strip","2024","30 - 34","XG","159.563","7,5","79.564","7,3","79.999","7,6","0,99"
"Gaza Strip","2024","35 - 39","XG","117.562","5,5","57.884","5,3","59.678","5,7","0,97"
"Gaza Strip","2024","40 - 44","XG","91.719","4,3","44.744","4,1","46.975","4,5","0,95"
"Gaza Strip","2024","45 - 49","XG","73.705","3,4","35.927","3,3","37.778","3,6","0,95"
"Gaza Strip","2024","50 - 54","XG","56.937","2,7","27.841","2,6","29.096","2,8","0,96"
"Gaza Strip","2024","55 - 59","XG","47.337","2,2","23.828","2,2","23.509","2,2","1,01"
"Gaza Strip","2024","60 - 64","XG","37.281","1,7","19.320","1,8","17.961","1,7","1,08"
"Gaza Strip","2024","65 - 69","XG","25.786","1,2","13.395","1,2","12.391","1,2","1,08"
"Gaza Strip","2024","70 - 74","XG","17.167","0,8","9108","0,8","8059","0,8","1,13"
"Gaza Strip","2024","75 - 79","XG","10.199","0,5","5269","0,5","4930","0,5","1,07"
"Gaza Strip","2024","80 - 84","XG","5128","0,2","2431","0,2","2697","0,3","0,90"
"Gaza Strip","2024","85 - 89","XG","2490","0,1","1076","0,1","1414","0,1","0,76"
"Gaza Strip","2024","90 - 94","XG","830","0,0","322","0,0","508","0,0","0,63"
"Gaza Strip","2024","95 - 99","XG","152","0,0","50","0,0","102","0,0","0,49"
"Gaza Strip","2024","100+","XG","15","0,0","4","0,0","11","0,0","0,36"
"West Bank","2000","","XW","1.947.195","100,0","989.970","100,0","957.225","100,0","1,03"
"West Bank","2000","0 - 4","XW","314.135","16,1","161.132","16,3","153.003","16,0","1,05"
"West Bank","2000","5 - 9","XW","292.190","15,0","149.918","15,1","142.272","14,9","1,05"
"West Bank","2000","10 - 14","XW","248.831","12,8","127.829","12,9","121.002","12,6","1,06"
"West Bank","2000","15 - 19","XW","201.514","10,3","103.666","10,5","97.848","10,2","1,06"
"West Bank","2000","20 - 24","XW","180.513","9,3","92.901","9,4","87.612","9,2","1,06"
"West Bank","2000","25 - 29","XW","155.185","8,0","79.879","8,1","75.306","7,9","1,06"
"West Bank","2000","30 - 34","XW","130.231","6,7","67.263","6,8","62.968","6,6","1,07"
"West Bank","2000","35 - 39","XW","106.544","5,5","55.136","5,6","51.408","5,4","1,07"
"West Bank","2000","40 - 44","XW","79.276","4,1","40.809","4,1","38.467","4,0","1,06"
"West Bank","2000","45 - 49","XW","54.809","2,8","27.816","2,8","26.993","2,8","1,03"
"West Bank","2000","50 - 54","XW","44.085","2,3","21.421","2,2","22.664","2,4","0,95"
"West Bank","2000","55 - 59","XW","36.442","1,9","16.625","1,7","19.817","2,1","0,84"
"West Bank","2000","60 - 64","XW","30.952","1,6","13.710","1,4","17.242","1,8","0,80"
"West Bank","2000","65 - 69","XW","26.972","1,4","11.767","1,2","15.205","1,6","0,77"
"West Bank","2000","70 - 74","XW","20.418","1,0","8863","0,9","11.555","1,2","0,77"
"West Bank","2000","75 - 79","XW","13.683","0,7","6099","0,6","7584","0,8","0,80"
"West Bank","2000","80 - 84","XW","7535","0,4","3403","0,3","4132","0,4","0,82"
"West Bank","2000","85 - 89","XW","3005","0,2","1349","0,1","1656","0,2","0,81"
"West Bank","2000","90 - 94","XW","760","0,0","335","0,0","425","0,0","0,79"
"West Bank","2000","95 - 99","XW","106","0,0","46","0,0","60","0,0","0,77"
"West Bank","2000","100+","XW","9","0,0","3","0,0","6","0,0","0,50"
"West Bank","2001","","XW","1.991.357","100,0","1.012.477","100,0","978.880","100,0","1,03"
"West Bank","2001","0 - 4","XW","316.435","15,9","162.333","16,0","154.102","15,7","1,05"
"West Bank","2001","5 - 9","XW","296.083","14,9","151.858","15,0","144.225","14,7","1,05"
"West Bank","2001","10 - 14","XW","260.249","13,1","133.630","13,2","126.619","12,9","1,06"
"West Bank","2001","15 - 19","XW","205.389","10,3","105.572","10,4","99.817","10,2","1,06"
"West Bank","2001","20 - 24","XW","183.160","9,2","94.162","9,3","88.998","9,1","1,06"
"West Bank","2001","25 - 29","XW","158.163","7,9","81.274","8,0","76.889","7,9","1,06"
"West Bank","2001","30 - 34","XW","133.392","6,7","68.746","6,8","64.646","6,6","1,06"
"West Bank","2001","35 - 39","XW","109.896","5,5","56.896","5,6","53.000","5,4","1,07"
"West Bank","2001","40 - 44","XW","84.471","4,2","43.515","4,3","40.956","4,2","1,06"
"West Bank","2001","45 - 49","XW","57.289","2,9","29.203","2,9","28.086","2,9","1,04"
"West Bank","2001","50 - 54","XW","45.135","2,3","22.235","2,2","22.900","2,3","0,97"
"West Bank","2001","55 - 59","XW","37.343","1,9","17.207","1,7","20.136","2,1","0,85"
"West Bank","2001","60 - 64","XW","30.903","1,6","13.728","1,4","17.175","1,8","0,80"
"West Bank","2001","65 - 69","XW","27.187","1,4","11.868","1,2","15.319","1,6","0,77"
"West Bank","2001","70 - 74","XW","20.741","1,0","8941","0,9","11.800","1,2","0,76"
"West Bank","2001","75 - 79","XW","13.899","0,7","6133","0,6","7766","0,8","0,79"
"West Bank","2001","80 - 84","XW","7663","0,4","3427","0,3","4236","0,4","0,81"
"West Bank","2001","85 - 89","XW","3064","0,2","1360","0,1","1704","0,2","0,80"
"West Bank","2001","90 - 94","XW","778","0,0","340","0,0","438","0,0","0,78"
"West Bank","2001","95 - 99","XW","107","0,0","45","0,0","62","0,0","0,73"
"West Bank","2001","100+","XW","10","0,0","4","0,0","6","0,0","0,67"
"West Bank","2002","","XW","2.035.991","100,0","1.035.228","100,0","1.000.763","100,0","1,03"
"West Bank","2002","0 - 4","XW","318.168","15,6","163.262","15,8","154.906","15,5","1,05"
"West Bank","2002","5 - 9","XW","299.861","14,7","153.731","14,8","146.130","14,6","1,05"
"West Bank","2002","10 - 14","XW","270.327","13,3","138.747","13,4","131.580","13,1","1,05"
"West Bank","2002","15 - 19","XW","211.487","10,4","108.621","10,5","102.866","10,3","1,06"
"West Bank","2002","20 - 24","XW","185.581","9,1","95.312","9,2","90.269","9,0","1,06"
"West Bank","2002","25 - 29","XW","161.035","7,9","82.620","8,0","78.415","7,8","1,05"
"West Bank","2002","30 - 34","XW","136.504","6,7","70.201","6,8","66.303","6,6","1,06"
"West Bank","2002","35 - 39","XW","113.233","5,6","58.603","5,7","54.630","5,5","1,07"
"West Bank","2002","40 - 44","XW","89.269","4,4","46.026","4,4","43.243","4,3","1,06"
"West Bank","2002","45 - 49","XW","60.526","3,0","30.958","3,0","29.568","3,0","1,05"
"West Bank","2002","50 - 54","XW","46.360","2,3","23.102","2,2","23.258","2,3","0,99"
"West Bank","2002","55 - 59","XW","38.207","1,9","17.826","1,7","20.381","2,0","0,87"
"West Bank","2002","60 - 64","XW","31.084","1,5","13.864","1,3","17.220","1,7","0,81"
"West Bank","2002","65 - 69","XW","27.288","1,3","11.921","1,2","15.367","1,5","0,78"
"West Bank","2002","70 - 74","XW","21.066","1,0","9033","0,9","12.033","1,2","0,75"
"West Bank","2002","75 - 79","XW","14.142","0,7","6179","0,6","7963","0,8","0,78"
"West Bank","2002","80 - 84","XW","7806","0,4","3453","0,3","4353","0,4","0,79"
"West Bank","2002","85 - 89","XW","3128","0,2","1374","0,1","1754","0,2","0,78"
"West Bank","2002","90 - 94","XW","799","0,0","345","0,0","454","0,0","0,76"
"West Bank","2002","95 - 99","XW","111","0,0","46","0,0","65","0,0","0,71"
"West Bank","2002","100+","XW","9","0,0","4","0,0","5","0,0","0,80"
"West Bank","2003","","XW","2.081.056","100,0","1.058.200","100,0","1.022.856","100,0","1,03"
"West Bank","2003","0 - 4","XW","318.742","15,3","163.556","15,5","155.186","15,2","1,05"
"West Bank","2003","5 - 9","XW","304.480","14,6","156.088","14,8","148.392","14,5","1,05"
"West Bank","2003","10 - 14","XW","278.483","13,4","142.878","13,5","135.605","13,3","1,05"
"West Bank","2003","15 - 19","XW","220.086","10,6","112.959","10,7","107.127","10,5","1,05"
"West Bank","2003","20 - 24","XW","187.583","9,0","96.249","9,1","91.334","8,9","1,05"
"West Bank","2003","25 - 29","XW","163.904","7,9","83.970","7,9","79.934","7,8","1,05"
"West Bank","2003","30 - 34","XW","139.588","6,7","71.644","6,8","67.944","6,6","1,05"
"West Bank","2003","35 - 39","XW","116.570","5,6","60.262","5,7","56.308","5,5","1,07"
"West Bank","2003","40 - 44","XW","93.541","4,5","48.286","4,6","45.255","4,4","1,07"
"West Bank","2003","45 - 49","XW","64.609","3,1","33.121","3,1","31.488","3,1","1,05"
"West Bank","2003","50 - 54","XW","47.715","2,3","23.996","2,3","23.719","2,3","1,01"
"West Bank","2003","55 - 59","XW","39.037","1,9","18.479","1,7","20.558","2,0","0,90"
"West Bank","2003","60 - 64","XW","31.541","1,5","14.142","1,3","17.399","1,7","0,81"
"West Bank","2003","65 - 69","XW","27.261","1,3","11.915","1,1","15.346","1,5","0,78"
"West Bank","2003","70 - 74","XW","21.422","1,0","9176","0,9","12.246","1,2","0,75"
"West Bank","2003","75 - 79","XW","14.389","0,7","6208","0,6","8181","0,8","0,76"
"West Bank","2003","80 - 84","XW","7958","0,4","3480","0,3","4478","0,4","0,78"
"West Bank","2003","85 - 89","XW","3202","0,2","1390","0,1","1812","0,2","0,77"
"West Bank","2003","90 - 94","XW","821","0,0","351","0,0","470","0,0","0,75"
"West Bank","2003","95 - 99","XW","115","0,0","47","0,0","68","0,0","0,69"
"West Bank","2003","100+","XW","9","0,0","3","0,0","6","0,0","0,50"
"West Bank","2004","","XW","2.126.516","100,0","1.081.375","100,0","1.045.141","100,0","1,03"
"West Bank","2004","0 - 4","XW","319.946","15,0","164.173","15,2","155.773","14,9","1,05"
"West Bank","2004","5 - 9","XW","308.333","14,5","158.066","14,6","150.267","14,4","1,05"
"West Bank","2004","10 - 14","XW","284.704","13,4","146.010","13,5","138.694","13,3","1,05"
"West Bank","2004","15 - 19","XW","230.772","10,9","118.375","10,9","112.397","10,8","1,05"
"West Bank","2004","20 - 24","XW","189.350","8,9","97.068","9,0","92.282","8,8","1,05"
"West Bank","2004","25 - 29","XW","166.809","7,8","85.349","7,9","81.460","7,8","1,05"
"West Bank","2004","30 - 34","XW","142.673","6,7","73.085","6,8","69.588","6,7","1,05"
"West Bank","2004","35 - 39","XW","119.840","5,6","61.850","5,7","57.990","5,5","1,07"
"West Bank","2004","40 - 44","XW","97.364","4,6","50.321","4,7","47.043","4,5","1,07"
"West Bank","2004","45 - 49","XW","69.415","3,3","35.630","3,3","33.785","3,2","1,05"
"West Bank","2004","50 - 54","XW","49.234","2,3","24.942","2,3","24.292","2,3","1,03"
"West Bank","2004","55 - 59","XW","39.881","1,9","19.177","1,8","20.704","2,0","0,93"
"West Bank","2004","60 - 64","XW","32.233","1,5","14.544","1,3","17.689","1,7","0,82"
"West Bank","2004","65 - 69","XW","27.136","1,3","11.872","1,1","15.264","1,5","0,78"
"West Bank","2004","70 - 74","XW","21.776","1,0","9327","0,9","12.449","1,2","0,75"
"West Bank","2004","75 - 79","XW","14.674","0,7","6260","0,6","8414","0,8","0,74"
"West Bank","2004","80 - 84","XW","8118","0,4","3509","0,3","4609","0,4","0,76"
"West Bank","2004","85 - 89","XW","3282","0,2","1407","0,1","1875","0,2","0,75"
"West Bank","2004","90 - 94","XW","847","0,0","358","0,0","489","0,0","0,73"
"West Bank","2004","95 - 99","XW","120","0,0","49","0,0","71","0,0","0,69"
"West Bank","2004","100+","XW","9","0,0","3","0,0","6","0,0","0,50"
"West Bank","2005","","XW","2.172.351","100,0","1.104.741","100,0","1.067.610","100,0","1,03"
"West Bank","2005","0 - 4","XW","321.830","14,8","165.141","14,9","156.689","14,7","1,05"
"West Bank","2005","5 - 9","XW","311.370","14,3","159.635","14,4","151.735","14,2","1,05"
"West Bank","2005","10 - 14","XW","289.400","13,3","148.361","13,4","141.039","13,2","1,05"
"West Bank","2005","15 - 19","XW","242.476","11,2","124.315","11,3","118.161","11,1","1,05"
"West Bank","2005","20 - 24","XW","191.651","8,8","98.163","8,9","93.488","8,8","1,05"
"West Bank","2005","25 - 29","XW","169.661","7,8","86.710","7,8","82.951","7,8","1,05"
"West Bank","2005","30 - 34","XW","145.728","6,7","74.515","6,7","71.213","6,7","1,05"
"West Bank","2005","35 - 39","XW","123.045","5,7","63.372","5,7","59.673","5,6","1,06"
"West Bank","2005","40 - 44","XW","100.846","4,6","52.172","4,7","48.674","4,6","1,07"
"West Bank","2005","45 - 49","XW","74.619","3,4","38.334","3,5","36.285","3,4","1,06"
"West Bank","2005","50 - 54","XW","51.090","2,4","26.028","2,4","25.062","2,3","1,04"
"West Bank","2005","55 - 59","XW","40.806","1,9","19.929","1,8","20.877","2,0","0,95"
"West Bank","2005","60 - 64","XW","33.072","1,5","15.043","1,4","18.029","1,7","0,83"
"West Bank","2005","65 - 69","XW","27.019","1,2","11.842","1,1","15.177","1,4","0,78"
"West Bank","2005","70 - 74","XW","22.089","1,0","9462","0,9","12.627","1,2","0,75"
"West Bank","2005","75 - 79","XW","14.973","0,7","6328","0,6","8645","0,8","0,73"
"West Bank","2005","80 - 84","XW","8298","0,4","3546","0,3","4752","0,4","0,75"
"West Bank","2005","85 - 89","XW","3371","0,2","1429","0,1","1942","0,2","0,74"
"West Bank","2005","90 - 94","XW","872","0,0","362","0,0","510","0,0","0,71"
"West Bank","2005","95 - 99","XW","125","0,0","50","0,0","75","0,0","0,67"
"West Bank","2005","100+","XW","10","0,0","4","0,0","6","0,0","0,67"
"West Bank","2006","","XW","2.218.587","100,0","1.128.310","100,0","1.090.277","100,0","1,03"
"West Bank","2006","0 - 4","XW","324.065","14,6","166.289","14,7","157.776","14,5","1,05"
"West Bank","2006","5 - 9","XW","313.686","14,1","160.844","14,3","152.842","14,0","1,05"
"West Bank","2006","10 - 14","XW","293.296","13,2","150.302","13,3","142.994","13,1","1,05"
"West Bank","2006","15 - 19","XW","253.880","11,4","130.105","11,5","123.775","11,4","1,05"
"West Bank","2006","20 - 24","XW","195.526","8,8","100.070","8,9","95.456","8,8","1,05"
"West Bank","2006","25 - 29","XW","172.310","7,8","87.971","7,8","84.339","7,7","1,04"
"West Bank","2006","30 - 34","XW","148.707","6,7","75.910","6,7","72.797","6,7","1,04"
"West Bank","2006","35 - 39","XW","126.201","5,7","64.853","5,7","61.348","5,6","1,06"
"West Bank","2006","40 - 44","XW","104.188","4,7","53.924","4,8","50.264","4,6","1,07"
"West Bank","2006","45 - 49","XW","79.756","3,6","41.005","3,6","38.751","3,6","1,06"
"West Bank","2006","50 - 54","XW","53.538","2,4","27.391","2,4","26.147","2,4","1,05"
"West Bank","2006","55 - 59","XW","41.841","1,9","20.720","1,8","21.121","1,9","0,98"
"West Bank","2006","60 - 64","XW","33.953","1,5","15.601","1,4","18.352","1,7","0,85"
"West Bank","2006","65 - 69","XW","27.023","1,2","11.882","1,1","15.141","1,4","0,78"
"West Bank","2006","70 - 74","XW","22.327","1,0","9568","0,8","12.759","1,2","0,75"
"West Bank","2006","75 - 79","XW","15.287","0,7","6411","0,6","8876","0,8","0,72"
"West Bank","2006","80 - 84","XW","8491","0,4","3586","0,3","4905","0,4","0,73"
"West Bank","2006","85 - 89","XW","3468","0,2","1453","0,1","2015","0,2","0,72"
"West Bank","2006","90 - 94","XW","902","0,0","369","0,0","533","0,0","0,69"
"West Bank","2006","95 - 99","XW","132","0,0","52","0,0","80","0,0","0,65"
"West Bank","2006","100+","XW","10","0,0","4","0,0","6","0,0","0,67"
"West Bank","2007","","XW","2.265.288","100,0","1.152.114","100,0","1.113.174","100,0","1,03"
"West Bank","2007","0 - 4","XW","326.330","14,4","167.451","14,5","158.879","14,3","1,05"
"West Bank","2007","5 - 9","XW","315.438","13,9","161.782","14,0","153.656","13,8","1,05"
"West Bank","2007","10 - 14","XW","297.078","13,1","152.177","13,2","144.901","13,0","1,05"
"West Bank","2007","15 - 19","XW","263.944","11,7","135.213","11,7","128.731","11,6","1,05"
"West Bank","2007","20 - 24","XW","201.617","8,9","103.113","8,9","98.504","8,8","1,05"
"West Bank","2007","25 - 29","XW","174.735","7,7","89.125","7,7","85.610","7,7","1,04"
"West Bank","2007","30 - 34","XW","151.580","6,7","77.257","6,7","74.323","6,7","1,04"
"West Bank","2007","35 - 39","XW","129.310","5,7","66.305","5,8","63.005","5,7","1,05"
"West Bank","2007","40 - 44","XW","107.512","4,7","55.623","4,8","51.889","4,7","1,07"
"West Bank","2007","45 - 49","XW","84.508","3,7","43.486","3,8","41.022","3,7","1,06"
"West Bank","2007","50 - 54","XW","56.726","2,5","29.114","2,5","27.612","2,5","1,05"
"West Bank","2007","55 - 59","XW","43.049","1,9","21.564","1,9","21.485","1,9","1,00"
"West Bank","2007","60 - 64","XW","34.798","1,5","16.195","1,4","18.603","1,7","0,87"
"West Bank","2007","65 - 69","XW","27.238","1,2","12.026","1,0","15.212","1,4","0,79"
"West Bank","2007","70 - 74","XW","22.466","1,0","9633","0,8","12.833","1,2","0,75"
"West Bank","2007","75 - 79","XW","15.601","0,7","6504","0,6","9097","0,8","0,71"
"West Bank","2007","80 - 84","XW","8705","0,4","3637","0,3","5068","0,5","0,72"
"West Bank","2007","85 - 89","XW","3567","0,2","1473","0,1","2094","0,2","0,70"
"West Bank","2007","90 - 94","XW","938","0,0","379","0,0","559","0,1","0,68"
"West Bank","2007","95 - 99","XW","137","0,0","53","0,0","84","0,0","0,63"
"West Bank","2007","100+","XW","11","0,0","4","0,0","7","0,0","0,57"
"West Bank","2008","","XW","2.312.536","100,0","1.176.194","100,0","1.136.342","100,0","1,04"
"West Bank","2008","0 - 4","XW","328.747","14,2","168.693","14,3","160.054","14,1","1,05"
"West Bank","2008","5 - 9","XW","316.033","13,7","162.087","13,8","153.946","13,5","1,05"
"West Bank","2008","10 - 14","XW","301.699","13,0","154.534","13,1","147.165","13,0","1,05"
"West Bank","2008","15 - 19","XW","272.086","11,8","139.337","11,8","132.749","11,7","1,05"
"West Bank","2008","20 - 24","XW","210.202","9,1","107.439","9,1","102.763","9,0","1,05"
"West Bank","2008","25 - 29","XW","176.745","7,6","90.066","7,7","86.679","7,6","1,04"
"West Bank","2008","30 - 34","XW","154.448","6,7","78.605","6,7","75.843","6,7","1,04"
"West Bank","2008","35 - 39","XW","132.393","5,7","67.748","5,8","64.645","5,7","1,05"
"West Bank","2008","40 - 44","XW","110.838","4,8","57.275","4,9","53.563","4,7","1,07"
"West Bank","2008","45 - 49","XW","88.742","3,8","45.721","3,9","43.021","3,8","1,06"
"West Bank","2008","50 - 54","XW","60.746","2,6","31.235","2,7","29.511","2,6","1,06"
"West Bank","2008","55 - 59","XW","44.381","1,9","22.436","1,9","21.945","1,9","1,02"
"West Bank","2008","60 - 64","XW","35.612","1,5","16.819","1,4","18.793","1,7","0,89"
"West Bank","2008","65 - 69","XW","27.703","1,2","12.298","1,0","15.405","1,4","0,80"
"West Bank","2008","70 - 74","XW","22.496","1,0","9650","0,8","12.846","1,1","0,75"
"West Bank","2008","75 - 79","XW","15.936","0,7","6634","0,6","9302","0,8","0,71"
"West Bank","2008","80 - 84","XW","8924","0,4","3673","0,3","5251","0,5","0,70"
"West Bank","2008","85 - 89","XW","3677","0,2","1498","0,1","2179","0,2","0,69"
"West Bank","2008","90 - 94","XW","974","0,0","387","0,0","587","0,1","0,66"
"West Bank","2008","95 - 99","XW","144","0,0","55","0,0","89","0,0","0,62"
"West Bank","2008","100+","XW","10","0,0","4","0,0","6","0,0","0,67"
"West Bank","2009","","XW","2.360.400","100,0","1.200.584","100,0","1.159.816","100,0","1,04"
"West Bank","2009","0 - 4","XW","331.422","14,0","170.066","14,2","161.356","13,9","1,05"
"West Bank","2009","5 - 9","XW","317.254","13,4","162.714","13,6","154.540","13,3","1,05"
"West Bank","2009","10 - 14","XW","305.554","12,9","156.512","13,0","149.042","12,9","1,05"
"West Bank","2009","15 - 19","XW","278.305","11,8","142.466","11,9","135.839","11,7","1,05"
"West Bank","2009","20 - 24","XW","220.865","9,4","112.840","9,4","108.025","9,3","1,04"
"West Bank","2009","25 - 29","XW","178.521","7,6","90.890","7,6","87.631","7,6","1,04"
"West Bank","2009","30 - 34","XW","157.355","6,7","79.986","6,7","77.369","6,7","1,03"
"West Bank","2009","35 - 39","XW","135.473","5,7","69.185","5,8","66.288","5,7","1,04"
"West Bank","2009","40 - 44","XW","114.100","4,8","58.857","4,9","55.243","4,8","1,07"
"West Bank","2009","45 - 49","XW","92.534","3,9","47.736","4,0","44.798","3,9","1,07"
"West Bank","2009","50 - 54","XW","65.475","2,8","33.694","2,8","31.781","2,7","1,06"
"West Bank","2009","55 - 59","XW","45.875","1,9","23.358","1,9","22.517","1,9","1,04"
"West Bank","2009","60 - 64","XW","36.438","1,5","17.489","1,5","18.949","1,6","0,92"
"West Bank","2009","65 - 69","XW","28.379","1,2","12.678","1,1","15.701","1,4","0,81"
"West Bank","2009","70 - 74","XW","22.445","1,0","9638","0,8","12.807","1,1","0,75"
"West Bank","2009","75 - 79","XW","16.274","0,7","6770","0,6","9504","0,8","0,71"
"West Bank","2009","80 - 84","XW","9163","0,4","3724","0,3","5439","0,5","0,68"
"West Bank","2009","85 - 89","XW","3792","0,2","1523","0,1","2269","0,2","0,67"
"West Bank","2009","90 - 94","XW","1013","0,0","397","0,0","616","0,1","0,64"
"West Bank","2009","95 - 99","XW","151","0,0","56","0,0","95","0,0","0,59"
"West Bank","2009","100+","XW","12","0,0","5","0,0","7","0,0","0,71"
"West Bank","2010","","XW","2.408.929","100,0","1.225.307","100,0","1.183.622","100,0","1,04"
"West Bank","2010","0 - 4","XW","334.420","13,9","171.606","14,0","162.814","13,8","1,05"
"West Bank","2010","5 - 9","XW","319.153","13,2","163.689","13,4","155.464","13,1","1,05"
"West Bank","2010","10 - 14","XW","308.600","12,8","158.087","12,9","150.513","12,7","1,05"
"West Bank","2010","15 - 19","XW","282.999","11,7","144.815","11,8","138.184","11,7","1,05"
"West Bank","2010","20 - 24","XW","232.542","9,7","118.761","9,7","113.781","9,6","1,04"
"West Bank","2010","25 - 29","XW","180.826","7,5","91.987","7,5","88.839","7,5","1,04"
"West Bank","2010","30 - 34","XW","160.207","6,7","81.346","6,6","78.861","6,7","1,03"
"West Bank","2010","35 - 39","XW","138.529","5,8","70.615","5,8","67.914","5,7","1,04"
"West Bank","2010","40 - 44","XW","117.295","4,9","60.373","4,9","56.922","4,8","1,06"
"West Bank","2010","45 - 49","XW","95.994","4,0","49.572","4,0","46.422","3,9","1,07"
"West Bank","2010","50 - 54","XW","70.592","2,9","36.342","3,0","34.250","2,9","1,06"
"West Bank","2010","55 - 59","XW","47.697","2,0","24.416","2,0","23.281","2,0","1,05"
"West Bank","2010","60 - 64","XW","37.347","1,6","18.211","1,5","19.136","1,6","0,95"
"West Bank","2010","65 - 69","XW","29.187","1,2","13.146","1,1","16.041","1,4","0,82"
"West Bank","2010","70 - 74","XW","22.400","0,9","9638","0,8","12.762","1,1","0,76"
"West Bank","2010","75 - 79","XW","16.577","0,7","6894","0,6","9683","0,8","0,71"
"West Bank","2010","80 - 84","XW","9418","0,4","3786","0,3","5632","0,5","0,67"
"West Bank","2010","85 - 89","XW","3918","0,2","1553","0,1","2365","0,2","0,66"
"West Bank","2010","90 - 94","XW","1058","0,0","408","0,0","650","0,1","0,63"
"West Bank","2010","95 - 99","XW","158","0,0","58","0,0","100","0,0","0,58"
"West Bank","2010","100+","XW","12","0,0","4","0,0","8","0,0","0,50"
"West Bank","2011","","XW","2.458.151","100,0","1.250.377","100,0","1.207.774","100,0","1,04"
"West Bank","2011","0 - 4","XW","337.744","13,7","173.313","13,9","164.431","13,6","1,05"
"West Bank","2011","5 - 9","XW","321.404","13,1","164.845","13,2","156.559","13,0","1,05"
"West Bank","2011","10 - 14","XW","310.922","12,6","159.298","12,7","151.624","12,6","1,05"
"West Bank","2011","15 - 19","XW","286.899","11,7","146.759","11,7","140.140","11,6","1,05"
"West Bank","2011","20 - 24","XW","243.921","9,9","124.534","10,0","119.387","9,9","1,04"
"West Bank","2011","25 - 29","XW","184.698","7,5","93.890","7,5","90.808","7,5","1,03"
"West Bank","2011","30 - 34","XW","162.861","6,6","82.610","6,6","80.251","6,6","1,03"
"West Bank","2011","35 - 39","XW","141.506","5,8","72.009","5,8","69.497","5,8","1,04"
"West Bank","2011","40 - 44","XW","120.445","4,9","61.852","4,9","58.593","4,9","1,06"
"West Bank","2011","45 - 49","XW","99.314","4,0","51.307","4,1","48.007","4,0","1,07"
"West Bank","2011","50 - 54","XW","75.649","3,1","38.963","3,1","36.686","3,0","1,06"
"West Bank","2011","55 - 59","XW","50.095","2,0","25.741","2,1","24.354","2,0","1,06"
"West Bank","2011","60 - 64","XW","38.358","1,6","18.969","1,5","19.389","1,6","0,98"
"West Bank","2011","65 - 69","XW","30.032","1,2","13.667","1,1","16.365","1,4","0,84"
"West Bank","2011","70 - 74","XW","22.462","0,9","9697","0,8","12.765","1,1","0,76"
"West Bank","2011","75 - 79","XW","16.823","0,7","6996","0,6","9827","0,8","0,71"
"West Bank","2011","80 - 84","XW","9682","0,4","3861","0,3","5821","0,5","0,66"
"West Bank","2011","85 - 89","XW","4054","0,2","1583","0,1","2471","0,2","0,64"
"West Bank","2011","90 - 94","XW","1102","0,0","419","0,0","683","0,1","0,61"
"West Bank","2011","95 - 99","XW","166","0,0","59","0,0","107","0,0","0,55"
"West Bank","2011","100+","XW","14","0,0","5","0,0","9","0,0","0,56"
"West Bank","2012","","XW","2.508.080","100,0","1.275.799","100,0","1.232.281","100,0","1,04"
"West Bank","2012","0 - 4","XW","341.345","13,6","175.161","13,7","166.184","13,5","1,05"
"West Bank","2012","5 - 9","XW","323.684","12,9","166.017","13,0","157.667","12,8","1,05"
"West Bank","2012","10 - 14","XW","312.676","12,5","160.236","12,6","152.440","12,4","1,05"
"West Bank","2012","15 - 19","XW","290.688","11,6","148.637","11,7","142.051","11,5","1,05"
"West Bank","2012","20 - 24","XW","253.965","10,1","129.628","10,2","124.337","10,1","1,04"
"West Bank","2012","25 - 29","XW","190.781","7,6","96.928","7,6","93.853","7,6","1,03"
"West Bank","2012","30 - 34","XW","165.290","6,6","83.765","6,6","81.525","6,6","1,03"
"West Bank","2012","35 - 39","XW","144.378","5,8","73.355","5,7","71.023","5,8","1,03"
"West Bank","2012","40 - 44","XW","123.548","4,9","63.299","5,0","60.249","4,9","1,05"
"West Bank","2012","45 - 49","XW","102.620","4,1","52.995","4,2","49.625","4,0","1,07"
"West Bank","2012","50 - 54","XW","80.329","3,2","41.396","3,2","38.933","3,2","1,06"
"West Bank","2012","55 - 59","XW","53.213","2,1","27.416","2,1","25.797","2,1","1,06"
"West Bank","2012","60 - 64","XW","39.536","1,6","19.779","1,6","19.757","1,6","1,00"
"West Bank","2012","65 - 69","XW","30.844","1,2","14.221","1,1","16.623","1,3","0,86"
"West Bank","2012","70 - 74","XW","22.705","0,9","9844","0,8","12.861","1,0","0,77"
"West Bank","2012","75 - 79","XW","16.988","0,7","7065","0,6","9923","0,8","0,71"
"West Bank","2012","80 - 84","XW","9949","0,4","3941","0,3","6008","0,5","0,66"
"West Bank","2012","85 - 89","XW","4199","0,2","1620","0,1","2579","0,2","0,63"
"West Bank","2012","90 - 94","XW","1153","0,0","430","0,0","723","0,1","0,59"
"West Bank","2012","95 - 99","XW","176","0,0","62","0,0","114","0,0","0,54"
"West Bank","2012","100+","XW","13","0,0","4","0,0","9","0,0","0,44"
"West Bank","2013","","XW","2.559.579","100,0","1.302.015","100,0","1.257.564","100,0","1,04"
"West Bank","2013","0 - 4","XW","346.004","13,5","177.555","13,6","168.449","13,4","1,05"
"West Bank","2013","5 - 9","XW","326.113","12,7","167.264","12,8","158.849","12,6","1,05"
"West Bank","2013","10 - 14","XW","313.282","12,2","160.548","12,3","152.734","12,1","1,05"
"West Bank","2013","15 - 19","XW","295.309","11,5","150.992","11,6","144.317","11,5","1,05"
"West Bank","2013","20 - 24","XW","262.095","10,2","133.744","10,3","128.351","10,2","1,04"
"West Bank","2013","25 - 29","XW","199.346","7,8","101.240","7,8","98.106","7,8","1,03"
"West Bank","2013","30 - 34","XW","167.306","6,5","84.709","6,5","82.597","6,6","1,03"
"West Bank","2013","35 - 39","XW","147.244","5,8","74.702","5,7","72.542","5,8","1,03"
"West Bank","2013","40 - 44","XW","126.629","4,9","64.740","5,0","61.889","4,9","1,05"
"West Bank","2013","45 - 49","XW","105.930","4,1","54.636","4,2","51.294","4,1","1,07"
"West Bank","2013","50 - 54","XW","84.504","3,3","43.593","3,3","40.911","3,3","1,07"
"West Bank","2013","55 - 59","XW","57.140","2,2","29.473","2,3","27.667","2,2","1,07"
"West Bank","2013","60 - 64","XW","40.829","1,6","20.612","1,6","20.217","1,6","1,02"
"West Bank","2013","65 - 69","XW","31.631","1,2","14.808","1,1","16.823","1,3","0,88"
"West Bank","2013","70 - 74","XW","23.167","0,9","10.099","0,8","13.068","1,0","0,77"
"West Bank","2013","75 - 79","XW","17.066","0,7","7099","0,5","9967","0,8","0,71"
"West Bank","2013","80 - 84","XW","10.229","0,4","4043","0,3","6186","0,5","0,65"
"West Bank","2013","85 - 89","XW","4348","0,2","1647","0,1","2701","0,2","0,61"
"West Bank","2013","90 - 94","XW","1205","0,0","442","0,0","763","0,1","0,58"
"West Bank","2013","95 - 99","XW","189","0,0","65","0,0","124","0,0","0,52"
"West Bank","2013","100+","XW","13","0,0","4","0,0","9","0,0","0,44"
"West Bank","2014","","XW","2.613.511","100,0","1.329.466","100,0","1.284.045","100,0","1,04"
"West Bank","2014","0 - 4","XW","352.512","13,5","180.897","13,6","171.615","13,4","1,05"
"West Bank","2014","5 - 9","XW","328.799","12,6","168.642","12,7","160.157","12,5","1,05"
"West Bank","2014","10 - 14","XW","314.511","12,0","161.180","12,1","153.331","11,9","1,05"
"West Bank","2014","15 - 19","XW","299.170","11,4","152.973","11,5","146.197","11,4","1,05"
"West Bank","2014","20 - 24","XW","268.309","10,3","136.869","10,3","131.440","10,2","1,04"
"West Bank","2014","25 - 29","XW","209.982","8,0","106.622","8,0","103.360","8,0","1,03"
"West Bank","2014","30 - 34","XW","169.089","6,5","85.537","6,4","83.552","6,5","1,02"
"West Bank","2014","35 - 39","XW","150.153","5,7","76.085","5,7","74.068","5,8","1,03"
"West Bank","2014","40 - 44","XW","129.702","5,0","66.173","5,0","63.529","4,9","1,04"
"West Bank","2014","45 - 49","XW","109.176","4,2","56.207","4,2","52.969","4,1","1,06"
"West Bank","2014","50 - 54","XW","88.252","3,4","45.577","3,4","42.675","3,3","1,07"
"West Bank","2014","55 - 59","XW","61.753","2,4","31.855","2,4","29.898","2,3","1,07"
"West Bank","2014","60 - 64","XW","42.286","1,6","21.499","1,6","20.787","1,6","1,03"
"West Bank","2014","65 - 69","XW","32.423","1,2","15.431","1,2","16.992","1,3","0,91"
"West Bank","2014","70 - 74","XW","23.809","0,9","10.445","0,8","13.364","1,0","0,78"
"West Bank","2014","75 - 79","XW","17.089","0,7","7116","0,5","9973","0,8","0,71"
"West Bank","2014","80 - 84","XW","10.510","0,4","4148","0,3","6362","0,5","0,65"
"West Bank","2014","85 - 89","XW","4509","0,2","1683","0,1","2826","0,2","0,60"
"West Bank","2014","90 - 94","XW","1263","0,0","455","0,0","808","0,1","0,56"
"West Bank","2014","95 - 99","XW","198","0,0","68","0,0","130","0,0","0,52"
"West Bank","2014","100+","XW","16","0,0","4","0,0","12","0,0","0,33"
"West Bank","2015","","XW","2.669.874","100,0","1.358.149","100,0","1.311.725","100,0","1,04"
"West Bank","2015","0 - 4","XW","360.823","13,5","185.165","13,6","175.658","13,4","1,05"
"West Bank","2015","5 - 9","XW","331.809","12,4","170.188","12,5","161.621","12,3","1,05"
"West Bank","2015","10 - 14","XW","316.418","11,9","162.160","11,9","154.258","11,8","1,05"
"West Bank","2015","15 - 19","XW","302.218","11,3","154.549","11,4","147.669","11,3","1,05"
"West Bank","2015","20 - 24","XW","273.002","10,2","139.215","10,3","133.787","10,2","1,04"
"West Bank","2015","25 - 29","XW","221.631","8,3","112.525","8,3","109.106","8,3","1,03"
"West Bank","2015","30 - 34","XW","171.399","6,4","86.636","6,4","84.763","6,5","1,02"
"West Bank","2015","35 - 39","XW","153.005","5,7","77.443","5,7","75.562","5,8","1,02"
"West Bank","2015","40 - 44","XW","132.754","5,0","67.601","5,0","65.153","5,0","1,04"
"West Bank","2015","45 - 49","XW","112.361","4,2","57.718","4,2","54.643","4,2","1,06"
"West Bank","2015","50 - 54","XW","91.674","3,4","47.385","3,5","44.289","3,4","1,07"
"West Bank","2015","55 - 59","XW","66.746","2,5","34.422","2,5","32.324","2,5","1,06"
"West Bank","2015","60 - 64","XW","44.053","1,7","22.513","1,7","21.540","1,6","1,05"
"West Bank","2015","65 - 69","XW","33.302","1,2","16.108","1,2","17.194","1,3","0,94"
"West Bank","2015","70 - 74","XW","24.562","0,9","10.865","0,8","13.697","1,0","0,79"
"West Bank","2015","75 - 79","XW","17.112","0,6","7139","0,5","9973","0,8","0,72"
"West Bank","2015","80 - 84","XW","10.772","0,4","4248","0,3","6524","0,5","0,65"
"West Bank","2015","85 - 89","XW","4682","0,2","1725","0,1","2957","0,2","0,58"
"West Bank","2015","90 - 94","XW","1323","0,0","469","0,0","854","0,1","0,55"
"West Bank","2015","95 - 99","XW","211","0,0","70","0,0","141","0,0","0,50"
"West Bank","2015","100+","XW","17","0,0","5","0,0","12","0,0","0,42"
"West Bank","2016","","XW","2.728.669","100,0","1.388.062","100,0","1.340.607","100,0","1,04"
"West Bank","2016","0 - 4","XW","370.907","13,6","190.342","13,7","180.565","13,5","1,05"
"West Bank","2016","5 - 9","XW","335.143","12,3","171.901","12,4","163.242","12,2","1,05"
"West Bank","2016","10 - 14","XW","318.672","11,7","163.316","11,8","155.356","11,6","1,05"
"West Bank","2016","15 - 19","XW","304.549","11,2","155.765","11,2","148.784","11,1","1,05"
"West Bank","2016","20 - 24","XW","276.906","10,1","141.162","10,2","135.744","10,1","1,04"
"West Bank","2016","25 - 29","XW","232.981","8,5","118.279","8,5","114.702","8,6","1,03"
"West Bank","2016","30 - 34","XW","175.270","6,4","88.538","6,4","86.732","6,5","1,02"
"West Bank","2016","35 - 39","XW","155.664","5,7","78.708","5,7","76.956","5,7","1,02"
"West Bank","2016","40 - 44","XW","135.729","5,0","68.994","5,0","66.735","5,0","1,03"
"West Bank","2016","45 - 49","XW","115.496","4,2","59.186","4,3","56.310","4,2","1,05"
"West Bank","2016","50 - 54","XW","94.963","3,5","49.099","3,5","45.864","3,4","1,07"
"West Bank","2016","55 - 59","XW","71.684","2,6","36.964","2,7","34.720","2,6","1,06"
"West Bank","2016","60 - 64","XW","46.373","1,7","23.780","1,7","22.593","1,7","1,05"
"West Bank","2016","65 - 69","XW","34.273","1,3","16.817","1,2","17.456","1,3","0,96"
"West Bank","2016","70 - 74","XW","25.348","0,9","11.331","0,8","14.017","1,0","0,81"
"West Bank","2016","75 - 79","XW","17.227","0,6","7212","0,5","10.015","0,7","0,72"
"West Bank","2016","80 - 84","XW","10.991","0,4","4331","0,3","6660","0,5","0,65"
"West Bank","2016","85 - 89","XW","4861","0,2","1775","0,1","3086","0,2","0,58"
"West Bank","2016","90 - 94","XW","1387","0,1","483","0,0","904","0,1","0,53"
"West Bank","2016","95 - 99","XW","226","0,0","74","0,0","152","0,0","0,49"
"West Bank","2016","100+","XW","19","0,0","5","0,0","14","0,0","0,36"
"West Bank","2017","","XW","2.789.902","100,0","1.419.207","100,0","1.370.695","100,0","1,04"
"West Bank","2017","0 - 4","XW","382.759","13,7","196.427","13,8","186.332","13,6","1,05"
"West Bank","2017","5 - 9","XW","338.752","12,1","173.754","12,2","164.998","12,0","1,05"
"West Bank","2017","10 - 14","XW","320.961","11,5","164.492","11,6","156.469","11,4","1,05"
"West Bank","2017","15 - 19","XW","306.306","11,0","156.704","11,0","149.602","10,9","1,05"
"West Bank","2017","20 - 24","XW","280.703","10,1","143.044","10,1","137.659","10,0","1,04"
"West Bank","2017","25 - 29","XW","243.003","8,7","123.358","8,7","119.645","8,7","1,03"
"West Bank","2017","30 - 34","XW","181.343","6,5","91.569","6,5","89.774","6,5","1,02"
"West Bank","2017","35 - 39","XW","158.097","5,7","79.866","5,6","78.231","5,7","1,02"
"West Bank","2017","40 - 44","XW","138.600","5,0","70.338","5,0","68.262","5,0","1,03"
"West Bank","2017","45 - 49","XW","118.590","4,3","60.628","4,3","57.962","4,2","1,05"
"West Bank","2017","50 - 54","XW","98.241","3,5","50.766","3,6","47.475","3,5","1,07"
"West Bank","2017","55 - 59","XW","76.254","2,7","39.325","2,8","36.929","2,7","1,06"
"West Bank","2017","60 - 64","XW","49.391","1,8","25.384","1,8","24.007","1,8","1,06"
"West Bank","2017","65 - 69","XW","35.399","1,3","17.572","1,2","17.827","1,3","0,99"
"West Bank","2017","70 - 74","XW","26.100","0,9","11.825","0,8","14.275","1,0","0,83"
"West Bank","2017","75 - 79","XW","17.488","0,6","7353","0,5","10.135","0,7","0,73"
"West Bank","2017","80 - 84","XW","11.155","0,4","4393","0,3","6762","0,5","0,65"
"West Bank","2017","85 - 89","XW","5041","0,2","1827","0,1","3214","0,2","0,57"
"West Bank","2017","90 - 94","XW","1459","0,1","500","0,0","959","0,1","0,52"
"West Bank","2017","95 - 99","XW","239","0,0","76","0,0","163","0,0","0,47"
"West Bank","2017","100+","XW","21","0,0","6","0,0","15","0,0","0,40"
"West Bank","2018","","XW","2.853.597","100,0","1.451.594","100,0","1.402.003","100,0","1,04"
"West Bank","2018","0 - 4","XW","395.546","13,9","202.992","14,0","192.554","13,7","1,05"
"West Bank","2018","5 - 9","XW","343.412","12,0","176.147","12,1","167.265","11,9","1,05"
"West Bank","2018","10 - 14","XW","323.398","11,3","165.743","11,4","157.655","11,2","1,05"
"West Bank","2018","15 - 19","XW","306.923","10,8","157.023","10,8","149.900","10,7","1,05"
"West Bank","2018","20 - 24","XW","285.327","10,0","145.400","10,0","139.927","10,0","1,04"
"West Bank","2018","25 - 29","XW","251.120","8,8","127.465","8,8","123.655","8,8","1,03"
"West Bank","2018","30 - 34","XW","189.888","6,7","95.869","6,6","94.019","6,7","1,02"
"West Bank","2018","35 - 39","XW","160.118","5,6","80.812","5,6","79.306","5,7","1,02"
"West Bank","2018","40 - 44","XW","141.466","5,0","71.684","4,9","69.782","5,0","1,03"
"West Bank","2018","45 - 49","XW","121.662","4,3","62.063","4,3","59.599","4,3","1,04"
"West Bank","2018","50 - 54","XW","101.525","3,6","52.389","3,6","49.136","3,5","1,07"
"West Bank","2018","55 - 59","XW","80.339","2,8","41.460","2,9","38.879","2,8","1,07"
"West Bank","2018","60 - 64","XW","53.180","1,9","27.346","1,9","25.834","1,8","1,06"
"West Bank","2018","65 - 69","XW","36.638","1,3","18.354","1,3","18.284","1,3","1,00"
"West Bank","2018","70 - 74","XW","26.833","0,9","12.350","0,9","14.483","1,0","0,85"
"West Bank","2018","75 - 79","XW","17.923","0,6","7576","0,5","10.347","0,7","0,73"
"West Bank","2018","80 - 84","XW","11.262","0,4","4434","0,3","6828","0,5","0,65"
"West Bank","2018","85 - 89","XW","5229","0,2","1889","0,1","3340","0,2","0,57"
"West Bank","2018","90 - 94","XW","1531","0,1","513","0,0","1018","0,1","0,50"
"West Bank","2018","95 - 99","XW","254","0,0","79","0,0","175","0,0","0,45"
"West Bank","2018","100+","XW","23","0,0","6","0,0","17","0,0","0,35"
"West Bank","2019","","XW","2.918.868","100,0","1.484.766","100,0","1.434.102","100,0","1,04"
"West Bank","2019","0 - 4","XW","407.521","14,0","209.139","14,1","198.382","13,8","1,05"
"West Bank","2019","5 - 9","XW","349.920","12,0","179.487","12,1","170.433","11,9","1,05"
"West Bank","2019","10 - 14","XW","326.083","11,2","167.123","11,3","158.960","11,1","1,05"
"West Bank","2019","15 - 19","XW","308.163","10,6","157.661","10,6","150.502","10,5","1,05"
"West Bank","2019","20 - 24","XW","289.194","9,9","147.383","9,9","141.811","9,9","1,04"
"West Bank","2019","25 - 29","XW","257.331","8,8","130.586","8,8","126.745","8,8","1,03"
"West Bank","2019","30 - 34","XW","200.496","6,9","101.233","6,8","99.263","6,9","1,02"
"West Bank","2019","35 - 39","XW","161.907","5,5","81.643","5,5","80.264","5,6","1,02"
"West Bank","2019","40 - 44","XW","144.372","4,9","73.065","4,9","71.307","5,0","1,02"
"West Bank","2019","45 - 49","XW","124.729","4,3","63.493","4,3","61.236","4,3","1,04"
"West Bank","2019","50 - 54","XW","104.747","3,6","53.944","3,6","50.803","3,5","1,06"
"West Bank","2019","55 - 59","XW","84.021","2,9","43.396","2,9","40.625","2,8","1,07"
"West Bank","2019","60 - 64","XW","57.622","2,0","29.614","2,0","28.008","2,0","1,06"
"West Bank","2019","65 - 69","XW","38.029","1,3","19.184","1,3","18.845","1,3","1,02"
"West Bank","2019","70 - 74","XW","27.575","0,9","12.908","0,9","14.667","1,0","0,88"
"West Bank","2019","75 - 79","XW","18.501","0,6","7871","0,5","10.630","0,7","0,74"
"West Bank","2019","80 - 84","XW","11.330","0,4","4463","0,3","6867","0,5","0,65"
"West Bank","2019","85 - 89","XW","5421","0,2","1954","0,1","3467","0,2","0,56"
"West Bank","2019","90 - 94","XW","1611","0,1","531","0,0","1080","0,1","0,49"
"West Bank","2019","95 - 99","XW","271","0,0","82","0,0","189","0,0","0,43"
"West Bank","2019","100+","XW","24","0,0","6","0,0","18","0,0","0,33"
"West Bank","2020","","XW","2.983.867","100,0","1.517.699","100,0","1.466.168","100,0","1,04"
"West Bank","2020","0 - 4","XW","417.535","14,0","214.257","14,1","203.278","13,9","1,05"
"West Bank","2020","5 - 9","XW","358.209","12,0","183.742","12,1","174.467","11,9","1,05"
"West Bank","2020","10 - 14","XW","329.092","11,0","168.666","11,1","160.426","10,9","1,05"
"West Bank","2020","15 - 19","XW","310.062","10,4","158.633","10,5","151.429","10,3","1,05"
"West Bank","2020","20 - 24","XW","292.229","9,8","148.950","9,8","143.279","9,8","1,04"
"West Bank","2020","25 - 29","XW","262.004","8,8","132.918","8,8","129.086","8,8","1,03"
"West Bank","2020","30 - 34","XW","212.094","7,1","107.103","7,1","104.991","7,2","1,02"
"West Bank","2020","35 - 39","XW","164.201","5,5","82.732","5,5","81.469","5,6","1,02"
"West Bank","2020","40 - 44","XW","147.202","4,9","74.409","4,9","72.793","5,0","1,02"
"West Bank","2020","45 - 49","XW","127.737","4,3","64.891","4,3","62.846","4,3","1,03"
"West Bank","2020","50 - 54","XW","107.865","3,6","55.412","3,7","52.453","3,6","1,06"
"West Bank","2020","55 - 59","XW","87.324","2,9","45.121","3,0","42.203","2,9","1,07"
"West Bank","2020","60 - 64","XW","62.368","2,1","32.017","2,1","30.351","2,1","1,05"
"West Bank","2020","65 - 69","XW","39.647","1,3","20.090","1,3","19.557","1,3","1,03"
"West Bank","2020","70 - 74","XW","28.322","0,9","13.473","0,9","14.849","1,0","0,91"
"West Bank","2020","75 - 79","XW","19.092","0,6","8185","0,5","10.907","0,7","0,75"
"West Bank","2020","80 - 84","XW","11.340","0,4","4470","0,3","6870","0,5","0,65"
"West Bank","2020","85 - 89","XW","5557","0,2","1996","0,1","3561","0,2","0,56"
"West Bank","2020","90 - 94","XW","1676","0,1","542","0,0","1134","0,1","0,48"
"West Bank","2020","95 - 99","XW","286","0,0","86","0,0","200","0,0","0,43"
"West Bank","2020","100+","XW","25","0,0","6","0,0","19","0,0","0,32"
"West Bank","2021","","XW","3.046.655","100,0","1.549.159","100,0","1.497.496","100,0","1,03"
"West Bank","2021","0 - 4","XW","425.093","14,0","218.036","14,1","207.057","13,8","1,05"
"West Bank","2021","5 - 9","XW","368.228","12,1","188.873","12,2","179.355","12,0","1,05"
"West Bank","2021","10 - 14","XW","332.392","10,9","170.355","11,0","162.037","10,8","1,05"
"West Bank","2021","15 - 19","XW","312.260","10,2","159.748","10,3","152.512","10,2","1,05"
"West Bank","2021","20 - 24","XW","294.481","9,7","150.106","9,7","144.375","9,6","1,04"
"West Bank","2021","25 - 29","XW","265.827","8,7","134.809","8,7","131.018","8,7","1,03"
"West Bank","2021","30 - 34","XW","223.334","7,3","112.785","7,3","110.549","7,4","1,02"
"West Bank","2021","35 - 39","XW","167.993","5,5","84.581","5,5","83.412","5,6","1,01"
"West Bank","2021","40 - 44","XW","149.760","4,9","75.607","4,9","74.153","5,0","1,02"
"West Bank","2021","45 - 49","XW","130.566","4,3","66.188","4,3","64.378","4,3","1,03"
"West Bank","2021","50 - 54","XW","110.790","3,6","56.739","3,7","54.051","3,6","1,05"
"West Bank","2021","55 - 59","XW","90.321","3,0","46.632","3,0","43.689","2,9","1,07"
"West Bank","2021","60 - 64","XW","66.833","2,2","34.240","2,2","32.593","2,2","1,05"
"West Bank","2021","65 - 69","XW","41.584","1,4","21.096","1,4","20.488","1,4","1,03"
"West Bank","2021","70 - 74","XW","28.937","0,9","13.933","0,9","15.004","1,0","0,93"
"West Bank","2021","75 - 79","XW","19.488","0,6","8415","0,5","11.073","0,7","0,76"
"West Bank","2021","80 - 84","XW","11.232","0,4","4419","0,3","6813","0,5","0,65"
"West Bank","2021","85 - 89","XW","5533","0,2","1971","0,1","3562","0,2","0,55"
"West Bank","2021","90 - 94","XW","1688","0,1","536","0,0","1152","0,1","0,47"
"West Bank","2021","95 - 99","XW","289","0,0","84","0,0","205","0,0","0,41"
"West Bank","2021","100+","XW","26","0,0","6","0,0","20","0,0","0,30"
"West Bank","2022","","XW","3.110.249","100,0","1.581.051","100,0","1.529.198","100,0","1,03"
"West Bank","2022","0 - 4","XW","430.657","13,8","220.808","14,0","209.849","13,7","1,05"
"West Bank","2022","5 - 9","XW","380.005","12,2","194.907","12,3","185.098","12,1","1,05"
"West Bank","2022","10 - 14","XW","335.971","10,8","172.186","10,9","163.785","10,7","1,05"
"West Bank","2022","15 - 19","XW","314.513","10,1","160.897","10,2","153.616","10,0","1,05"
"West Bank","2022","20 - 24","XW","296.173","9,5","150.995","9,6","145.178","9,5","1,04"
"West Bank","2022","25 - 29","XW","269.554","8,7","136.640","8,6","132.914","8,7","1,03"
"West Bank","2022","30 - 34","XW","233.263","7,5","117.804","7,5","115.459","7,6","1,02"
"West Bank","2022","35 - 39","XW","173.985","5,6","87.559","5,5","86.426","5,7","1,01"
"West Bank","2022","40 - 44","XW","152.114","4,9","76.713","4,9","75.401","4,9","1,02"
"West Bank","2022","45 - 49","XW","133.327","4,3","67.459","4,3","65.868","4,3","1,02"
"West Bank","2022","50 - 54","XW","113.716","3,7","58.069","3,7","55.647","3,6","1,04"
"West Bank","2022","55 - 59","XW","93.353","3,0","48.130","3,0","45.223","3,0","1,06"
"West Bank","2022","60 - 64","XW","70.998","2,3","36.326","2,3","34.672","2,3","1,05"
"West Bank","2022","65 - 69","XW","44.199","1,4","22.426","1,4","21.773","1,4","1,03"
"West Bank","2022","70 - 74","XW","29.744","1,0","14.459","0,9","15.285","1,0","0,95"
"West Bank","2022","75 - 79","XW","19.897","0,6","8685","0,5","11.212","0,7","0,77"
"West Bank","2022","80 - 84","XW","11.266","0,4","4432","0,3","6834","0,4","0,65"
"West Bank","2022","85 - 89","XW","5498","0,2","1939","0,1","3559","0,2","0,54"
"West Bank","2022","90 - 94","XW","1698","0,1","530","0,0","1168","0,1","0,45"
"West Bank","2022","95 - 99","XW","292","0,0","80","0,0","212","0,0","0,38"
"West Bank","2022","100+","XW","26","0,0","7","0,0","19","0,0","0,37"
"West Bank","2023","","XW","3.176.549","100,0","1.614.609","100,0","1.561.940","100,0","1,03"
"West Bank","2023","0 - 4","XW","434.470","13,7","222.761","13,8","211.709","13,6","1,05"
"West Bank","2023","5 - 9","XW","392.747","12,4","201.442","12,5","191.305","12,2","1,05"
"West Bank","2023","10 - 14","XW","340.624","10,7","174.574","10,8","166.050","10,6","1,05"
"West Bank","2023","15 - 19","XW","316.957","10,0","162.154","10,0","154.803","9,9","1,05"
"West Bank","2023","20 - 24","XW","296.800","9,3","151.319","9,4","145.481","9,3","1,04"
"West Bank","2023","25 - 29","XW","274.159","8,6","138.982","8,6","135.177","8,7","1,03"
"West Bank","2023","30 - 34","XW","241.347","7,6","121.888","7,5","119.459","7,6","1,02"
"West Bank","2023","35 - 39","XW","182.492","5,7","91.836","5,7","90.656","5,8","1,01"
"West Bank","2023","40 - 44","XW","154.138","4,9","77.660","4,8","76.478","4,9","1,02"
"West Bank","2023","45 - 49","XW","136.178","4,3","68.798","4,3","67.380","4,3","1,02"
"West Bank","2023","50 - 54","XW","116.762","3,7","59.489","3,7","57.273","3,7","1,04"
"West Bank","2023","55 - 59","XW","96.578","3,0","49.716","3,1","46.862","3,0","1,06"
"West Bank","2023","60 - 64","XW","74.912","2,4","38.344","2,4","36.568","2,3","1,05"
"West Bank","2023","65 - 69","XW","47.726","1,5","24.214","1,5","23.512","1,5","1,03"
"West Bank","2023","70 - 74","XW","30.858","1,0","15.137","0,9","15.721","1,0","0,96"
"West Bank","2023","75 - 79","XW","20.509","0,6","9100","0,6","11.409","0,7","0,80"
"West Bank","2023","80 - 84","XW","11.606","0,4","4591","0,3","7015","0,4","0,65"
"West Bank","2023","85 - 89","XW","5576","0,2","1965","0,1","3611","0,2","0,54"
"West Bank","2023","90 - 94","XW","1774","0,1","550","0,0","1224","0,1","0,45"
"West Bank","2023","95 - 99","XW","308","0,0","83","0,0","225","0,0","0,37"
"West Bank","2023","100+","XW","28","0,0","6","0,0","22","0,0","0,27"
"West Bank","2024","","XW","3.243.369","100,0","1.648.450","100,0","1.594.919","100,0","1,03"
"West Bank","2024","0 - 4","XW","436.965","13,5","224.057","13,6","212.908","13,3","1,05"
"West Bank","2024","5 - 9","XW","404.636","12,5","207.533","12,6","197.103","12,4","1,05"
"West Bank","2024","10 - 14","XW","347.123","10,7","177.907","10,8","169.216","10,6","1,05"
"West Bank","2024","15 - 19","XW","319.656","9,9","163.545","9,9","156.111","9,8","1,05"
"West Bank","2024","20 - 24","XW","298.060","9,2","151.971","9,2","146.089","9,2","1,04"
"West Bank","2024","25 - 29","XW","278.022","8,6","140.958","8,6","137.064","8,6","1,03"
"West Bank","2024","30 - 34","XW","247.547","7,6","125.002","7,6","122.545","7,7","1,02"
"West Bank","2024","35 - 39","XW","193.060","6,0","97.176","5,9","95.884","6,0","1,01"
"West Bank","2024","40 - 44","XW","155.938","4,8","78.498","4,8","77.440","4,9","1,01"
"West Bank","2024","45 - 49","XW","139.089","4,3","70.183","4,3","68.906","4,3","1,02"
"West Bank","2024","50 - 54","XW","119.829","3,7","60.921","3,7","58.908","3,7","1,03"
"West Bank","2024","55 - 59","XW","99.773","3,1","51.257","3,1","48.516","3,0","1,06"
"West Bank","2024","60 - 64","XW","78.491","2,4","40.208","2,4","38.283","2,4","1,05"
"West Bank","2024","65 - 69","XW","51.900","1,6","26.309","1,6","25.591","1,6","1,03"
"West Bank","2024","70 - 74","XW","32.145","1,0","15.879","1,0","16.266","1,0","0,98"
"West Bank","2024","75 - 79","XW","21.169","0,7","9564","0,6","11.605","0,7","0,82"
"West Bank","2024","80 - 84","XW","12.076","0,4","4813","0,3","7263","0,5","0,66"
"West Bank","2024","85 - 89","XW","5664","0,2","1999","0,1","3665","0,2","0,55"
"West Bank","2024","90 - 94","XW","1865","0,1","576","0,0","1289","0,1","0,45"
"West Bank","2024","95 - 99","XW","330","0,0","87","0,0","243","0,0","0,36"
"West Bank","2024","100+","XW","31","0,0","7","0,0","24","0,0","0,29"