year,sex,source,scenario,region,ex_mean,ex_ll,ex_ul,ex_sd,lss_mean,lss_ll,lss_ul,lss_sd,case,ex_noc
2023,Females,GMoH report,NA,Gaza Strip,46.06378383,43.87562859,48.03042532,1.135179708,32.16341617,30.19677468,34.35157141,1.135179708,lc_pcbs_2019,78.22725261
2023,Males,GMoH report,NA,Gaza Strip,39.1768372,37.15850815,41.01240845,1.084547193,35.7771128,33.94154155,37.79544185,1.084547193,lc_pcbs_2019,74.95394954
2023,Total,GMoH report,NA,Gaza Strip,42.28589459,40.19016908,44.16884636,1.106969359,34.38621541,32.50326364,36.48194092,1.106969359,lc_pcbs_2019,76.67210753
2023,Females,B'Tselem historical average,NA,Gaza Strip,66.75229443,62.72528807,70.44872093,1.9615517,11.47490557,7.77847907,15.50191193,1.9615517,lc_pcbs_2019,78.22725261
2023,Males,B'Tselem historical average,NA,Gaza Strip,31.08548352,28.83667239,33.30919855,1.180125313,43.86846648,41.64475145,46.11727761,1.180125313,lc_pcbs_2019,74.95394954
2023,Total,B'Tselem historical average,NA,Gaza Strip,42.5499376,40.43993173,44.40101583,1.118823035,34.1221724,32.27109417,36.23217827,1.118823035,lc_pcbs_2019,76.67210753
2023,Females,UN-IGME pattern,Genocide,Gaza Strip,46.85689417,44.62242829,49.13215763,1.210235174,31.37030583,29.09504237,33.60477171,1.210235174,lc_pcbs_2019,78.22725261
2023,Males,UN-IGME pattern,Genocide,Gaza Strip,38.56168342,36.42448848,40.56996194,1.130583441,36.39226658,34.38398806,38.52946152,1.130583441,lc_pcbs_2019,74.95394954
2023,Total,UN-IGME pattern,Genocide,Gaza Strip,42.30058573,40.35275395,44.19884079,1.070201066,34.37152427,32.47326921,36.31935605,1.070201066,lc_pcbs_2019,76.67210753
2023,Females,UN-IGME pattern,Conflict,Gaza Strip,52.53418205,50.05500337,54.83397718,1.203020908,25.69301795,23.39322282,28.17219663,1.203020908,lc_pcbs_2019,78.22725261
2023,Males,UN-IGME pattern,Conflict,Gaza Strip,36.52833935,34.45490637,38.48149887,1.144813054,38.42561065,36.47245113,40.49904363,1.144813054,lc_pcbs_2019,74.95394954
2023,Total,UN-IGME pattern,Conflict,Gaza Strip,42.91599326,40.93192219,44.78019095,1.072237898,33.75611674,31.89191905,35.74018781,1.072237898,lc_pcbs_2019,76.67210753
2023,Females,UN-IGME pattern,Earthquake,Gaza Strip,52.53418205,50.05500337,54.83397718,1.203020908,25.69301795,23.39322282,28.17219663,1.203020908,lc_pcbs_2019,78.22725261
2023,Males,UN-IGME pattern,Earthquake,Gaza Strip,36.52833935,34.45490637,38.48149887,1.144813054,38.42561065,36.47245113,40.49904363,1.144813054,lc_pcbs_2019,74.95394954
2023,Total,UN-IGME pattern,Earthquake,Gaza Strip,42.91599326,40.93192219,44.78019095,1.072237898,33.75611674,31.89191905,35.74018781,1.072237898,lc_pcbs_2019,76.67210753
2024,Females,GMoH report,NA,Gaza Strip,47.69803495,45.75175698,49.53826624,1.09467513,30.59532505,28.75509376,32.54160302,1.09467513,lc_pcbs_2019,78.293365
2024,Males,GMoH report,NA,Gaza Strip,35.08485384,33.16406152,36.94121067,1.042731707,39.97756616,38.12120933,41.89835848,1.042731707,lc_pcbs_2019,75.06241897
2024,Total,GMoH report,NA,Gaza Strip,40.27939315,38.2383443,42.19294514,1.095999938,36.49198685,34.57843486,38.5330357,1.095999938,lc_pcbs_2019,76.77138036
2024,Females,B'Tselem historical average,NA,Gaza Strip,65.85558294,61.21223139,70.04408194,2.274508466,12.43777706,8.249278056,17.08112861,2.274508466,lc_pcbs_2019,78.293365
2024,Males,B'Tselem historical average,NA,Gaza Strip,28.86271305,26.79031948,31.10690963,1.125972169,46.19970695,43.95551037,48.27210052,1.125972169,lc_pcbs_2019,75.06241897
2024,Total,B'Tselem historical average,NA,Gaza Strip,40.24469025,38.0662645,42.22654323,1.145668293,36.52668975,34.54483677,38.7051155,1.145668293,lc_pcbs_2019,76.77138036
2024,Females,UN-IGME pattern,Genocide,Gaza Strip,44.11494232,41.55712554,46.52402265,1.316694216,34.17841768,31.76933735,36.73623446,1.316694216,lc_pcbs_2019,78.293365
2024,Males,UN-IGME pattern,Genocide,Gaza Strip,36.5166459,34.20830762,38.77166769,1.227164041,38.5457741,36.29075231,40.85411238,1.227164041,lc_pcbs_2019,75.06241897
2024,Total,UN-IGME pattern,Genocide,Gaza Strip,39.98163953,37.73149506,42.03347608,1.157111736,36.78974047,34.73790392,39.03988494,1.157111736,lc_pcbs_2019,76.77138036
2024,Females,UN-IGME pattern,Conflict,Gaza Strip,50.12537335,47.30262299,52.57802953,1.348401494,28.16798665,25.71533047,30.99073701,1.348401494,lc_pcbs_2019,78.293365
2024,Males,UN-IGME pattern,Conflict,Gaza Strip,34.42618931,32.341007,36.45835931,1.109485907,40.63623069,38.60406069,42.721413,1.109485907,lc_pcbs_2019,75.06241897
2024,Total,UN-IGME pattern,Conflict,Gaza Strip,40.67828873,38.61197765,42.54931673,1.080413438,36.09309127,34.22206327,38.15940235,1.080413438,lc_pcbs_2019,76.77138036
2024,Females,UN-IGME pattern,Earthquake,Gaza Strip,38.14920912,35.8071577,40.39029933,1.24032969,40.14415088,37.90306067,42.4862023,1.24032969,lc_pcbs_2019,78.293365
2024,Males,UN-IGME pattern,Earthquake,Gaza Strip,42.46665841,40.25043742,44.48266232,1.141083746,32.59576159,30.57975768,34.81198258,1.141083746,lc_pcbs_2019,75.06241897
2024,Total,UN-IGME pattern,Earthquake,Gaza Strip,40.22274088,38.0571111,42.25848267,1.142758489,36.54863912,34.51289733,38.7142689,1.142758489,lc_pcbs_2019,76.77138036
2023,Females,GMoH report,NA,Palestine,62.95781633,61.49893198,64.24077135,0.749852571,16.72750367,15.44454865,18.18638802,0.749852571,lc_pcbs_2019,79.68532111
2023,Males,GMoH report,NA,Palestine,56.5200831,54.93302255,57.91998981,0.806312771,19.8010169,18.40111019,21.38807745,0.806312771,lc_pcbs_2019,76.32109786
2023,Total,GMoH report,NA,Palestine,59.53902974,58.03372767,60.87924208,0.777858431,18.44596026,17.10574792,19.95126233,0.777858431,lc_pcbs_2019,77.98498956
2023,Females,B'Tselem historical average,NA,Palestine,75.7937716,74.28283104,77.00355025,0.682831229,3.891548395,2.681769749,5.402488963,0.682831229,lc_pcbs_2019,79.68532111
2023,Males,B'Tselem historical average,NA,Palestine,48.96477227,46.96821785,50.86007194,1.046423297,27.35632773,25.46102806,29.35288215,1.046423297,lc_pcbs_2019,76.32109786
2023,Total,B'Tselem historical average,NA,Palestine,59.90447588,58.4723856,61.2519503,0.766312722,18.08051412,16.7330397,19.5126044,0.766312722,lc_pcbs_2019,77.98498956
2023,Females,UN-IGME pattern,Genocide,Palestine,63.45540449,61.95619558,64.91621733,0.811288983,16.22991551,14.76910267,17.72912442,0.811288983,lc_pcbs_2019,79.68532111
2023,Males,UN-IGME pattern,Genocide,Palestine,56.17826066,54.43204843,57.71520811,0.866244195,20.14283934,18.60589189,21.88905157,0.866244195,lc_pcbs_2019,76.32109786
2023,Total,UN-IGME pattern,Genocide,Palestine,59.58235542,58.0765194,60.91149611,0.778198267,18.40263458,17.07349389,19.9084706,0.778198267,lc_pcbs_2019,77.98498956
2023,Females,UN-IGME pattern,Conflict,Palestine,66.45508056,64.97207155,67.7265579,0.733452339,13.23023944,11.9587621,14.71324845,0.733452339,lc_pcbs_2019,79.68532111
2023,Males,UN-IGME pattern,Conflict,Palestine,53.97252898,52.36223844,55.62435564,0.902829014,22.34857102,20.69674436,23.95886156,0.902829014,lc_pcbs_2019,76.32109786
2023,Total,UN-IGME pattern,Conflict,Palestine,59.51732462,58.08540111,60.83650566,0.754513192,18.46766538,17.14848434,19.89958889,0.754513192,lc_pcbs_2019,77.98498956
2023,Females,UN-IGME pattern,Earthquake,Palestine,59.15681472,57.44636059,60.65240857,0.85520979,20.52850528,19.03291143,22.23895941,0.85520979,lc_pcbs_2019,79.68532111
2023,Males,UN-IGME pattern,Earthquake,Palestine,59.84441203,58.49120952,61.09126518,0.711381985,16.47668797,15.22983482,17.82989048,0.711381985,lc_pcbs_2019,76.32109786
2023,Total,UN-IGME pattern,Earthquake,Palestine,59.51579852,58.06430921,60.81849207,0.750431836,18.46919148,17.16649793,19.92068079,0.750431836,lc_pcbs_2019,77.98498956
2024,Females,GMoH report,NA,Palestine,64.35608787,63.03170335,65.57831302,0.708163556,15.42561213,14.20338698,16.74999665,0.708163556,lc_pcbs_2019,79.78170435
2024,Males,GMoH report,NA,Palestine,53.74543671,52.01928355,55.33828384,0.915228405,22.70347329,21.11062616,24.42962645,0.915228405,lc_pcbs_2019,76.44890622
2024,Total,GMoH report,NA,Palestine,58.54109546,56.98273224,59.98058933,0.833465223,19.55870454,18.11921067,21.11706776,0.833465223,lc_pcbs_2019,78.09980328
2024,Females,B'Tselem historical average,NA,Palestine,75.54139194,73.87623503,76.94449754,0.767858787,4.240308062,2.837202457,5.905464965,0.767858787,lc_pcbs_2019,79.78170435
2024,Males,B'Tselem historical average,NA,Palestine,47.5358446,45.31746468,49.6077849,1.14899355,28.9130654,26.8411251,31.13144532,1.14899355,lc_pcbs_2019,76.44890622
2024,Total,B'Tselem historical average,NA,Palestine,58.84573492,57.17321342,60.25890282,0.855628267,19.25406508,17.84089718,20.92658658,0.855628267,lc_pcbs_2019,78.09980328
2024,Females,UN-IGME pattern,Genocide,Palestine,61.98225461,60.30641629,63.51270464,0.85089516,17.79944539,16.26899536,19.47528371,0.85089516,lc_pcbs_2019,79.78170435
2024,Males,UN-IGME pattern,Genocide,Palestine,55.33201031,53.63114367,56.93771837,0.903495766,21.11689969,19.51119163,22.81776633,0.903495766,lc_pcbs_2019,76.44890622
2024,Total,UN-IGME pattern,Genocide,Palestine,58.46396285,56.95318286,59.84976898,0.807873962,19.63583715,18.25003102,21.14661714,0.807873962,lc_pcbs_2019,78.09980328
2024,Females,UN-IGME pattern,Conflict,Palestine,65.38789523,63.69313998,66.87809965,0.811412691,14.39380477,12.90360035,16.08856002,0.811412691,lc_pcbs_2019,79.78170435
2024,Males,UN-IGME pattern,Conflict,Palestine,53.05382098,51.09610162,54.76951091,0.993078905,23.39508902,21.67939909,25.35280838,0.993078905,lc_pcbs_2019,76.44890622
2024,Total,UN-IGME pattern,Conflict,Palestine,58.54526608,56.95164078,59.91105683,0.820356687,19.55453392,18.18874317,21.14815922,0.820356687,lc_pcbs_2019,78.09980328
2024,Females,UN-IGME pattern,Earthquake,Palestine,57.49411423,55.63842403,59.14106831,0.952849988,22.28758577,20.64063169,24.14327597,0.952849988,lc_pcbs_2019,79.78170435
2024,Males,UN-IGME pattern,Earthquake,Palestine,59.44651854,57.96132602,60.77419972,0.785017778,17.00239146,15.67471028,18.48758398,0.785017778,lc_pcbs_2019,76.44890622
2024,Total,UN-IGME pattern,Earthquake,Palestine,58.48102588,56.82867472,59.86132787,0.836633368,19.61877412,18.23847213,21.27112528,0.836633368,lc_pcbs_2019,78.09980328
2023,Females,BTselem,NA,West Bank,80.24088064,79.84224508,80.64723302,0.196956884,0,0,0.396719568,0.196956884,lc_pcbs_2019,80.23896465
2023,Males,BTselem,NA,West Bank,76.31238973,75.96276665,76.67009145,0.175947395,0.875987882,0.518286163,1.225610963,0.175947395,lc_pcbs_2019,77.18837761
2023,Total,BTselem,NA,West Bank,78.22381871,77.96435626,78.47978992,0.131429488,0.416992902,0.161021694,0.676455353,0.131429488,lc_pcbs_2019,78.64081161
2024,Females,BTselem,NA,West Bank,80.26221088,79.90121448,80.6317254,0.190169501,0.014325172,0,0.375321566,0.190169501,lc_pcbs_2019,80.27653605
2024,Males,BTselem,NA,West Bank,76.48156841,76.0940325,76.84751545,0.183629828,0.845468504,0.479521462,1.233004409,0.183629828,lc_pcbs_2019,77.32703691
2024,Total,BTselem,NA,West Bank,78.32105142,78.04814953,78.58412978,0.136100341,0.401812616,0.13873426,0.674714506,0.136100341,lc_pcbs_2019,78.72286404
2012,Females,Historic,NA,Gaza Strip,76.61280616,NA,NA,NA,0.089175746,NA,NA,NA,lc_pcbs_2019,76.70198191
2012,Males,Historic,NA,Gaza Strip,71.83227921,NA,NA,NA,0.776410501,NA,NA,NA,lc_pcbs_2019,72.60868971
2013,Females,Historic,NA,Gaza Strip,77.09376233,NA,NA,NA,0.002864567,NA,NA,NA,lc_pcbs_2019,77.0966269
2013,Males,Historic,NA,Gaza Strip,73.28028729,NA,NA,NA,0.026992045,NA,NA,NA,lc_pcbs_2019,73.30727934
2014,Females,Historic,NA,Gaza Strip,75.22599055,NA,NA,NA,1.932890694,NA,NA,NA,lc_pcbs_2019,77.15888124
2014,Males,Historic,NA,Gaza Strip,68.07663996,NA,NA,NA,5.464281291,NA,NA,NA,lc_pcbs_2019,73.54092125
2015,Females,Historic,NA,Gaza Strip,77.39632238,NA,NA,NA,0.006200207,NA,NA,NA,lc_pcbs_2019,77.40252259
2015,Males,Historic,NA,Gaza Strip,73.89982186,NA,NA,NA,0.063568619,NA,NA,NA,lc_pcbs_2019,73.96339048
2016,Females,Historic,NA,Gaza Strip,77.55399809,NA,NA,NA,0.008604758,NA,NA,NA,lc_pcbs_2019,77.56260285
2016,Males,Historic,NA,Gaza Strip,73.6293373,NA,NA,NA,0.016720126,NA,NA,NA,lc_pcbs_2019,73.64605742
2017,Females,Historic,NA,Gaza Strip,77.71832555,NA,NA,NA,0,NA,NA,NA,lc_pcbs_2019,77.71832555
2017,Males,Historic,NA,Gaza Strip,74.76473464,NA,NA,NA,0.067486223,NA,NA,NA,lc_pcbs_2019,74.83222086
2018,Females,Historic,NA,Gaza Strip,78.27824901,NA,NA,NA,0.011387707,NA,NA,NA,lc_pcbs_2019,78.28963672
2018,Males,Historic,NA,Gaza Strip,73.36487339,NA,NA,NA,0.703131281,NA,NA,NA,lc_pcbs_2019,74.06800467
2019,Females,Historic,NA,Gaza Strip,77.83971295,NA,NA,NA,0.028739808,NA,NA,NA,lc_pcbs_2019,77.86845276
2019,Males,Historic,NA,Gaza Strip,74.10724055,NA,NA,NA,0.273110935,NA,NA,NA,lc_pcbs_2019,74.38035149
2020,Females,Historic,NA,Gaza Strip,77.06298972,NA,NA,NA,0,NA,NA,NA,lc_pcbs_2019,77.06298972
2020,Males,Historic,NA,Gaza Strip,73.24627261,NA,NA,NA,0.002420765,NA,NA,NA,lc_pcbs_2019,73.24869337
2021,Females,Historic,NA,Gaza Strip,75.18745774,NA,NA,NA,0.169480245,NA,NA,NA,lc_pcbs_2019,75.35693798
2021,Males,Historic,NA,Gaza Strip,71.10793454,NA,NA,NA,0.459633303,NA,NA,NA,lc_pcbs_2019,71.56756785
2022,Females,Historic,NA,Gaza Strip,77.0974276,NA,NA,NA,0.014849381,NA,NA,NA,lc_pcbs_2019,77.11227698
2022,Males,Historic,NA,Gaza Strip,73.94966028,NA,NA,NA,0.074203191,NA,NA,NA,lc_pcbs_2019,74.02386347
2012,Females,Historic,NA,Palestine,77.98337938,NA,NA,NA,0.033860506,NA,NA,NA,lc_pcbs_2019,78.01723988
2012,Males,Historic,NA,Palestine,73.84885968,NA,NA,NA,0.312536593,NA,NA,NA,lc_pcbs_2019,74.16139627
2013,Females,Historic,NA,Palestine,78.52203085,NA,NA,NA,0.002501424,NA,NA,NA,lc_pcbs_2019,78.52453228
2013,Males,Historic,NA,Palestine,74.82604945,NA,NA,NA,0.042032019,NA,NA,NA,lc_pcbs_2019,74.86808147
2014,Females,Historic,NA,Palestine,77.77225162,NA,NA,NA,0.765423194,NA,NA,NA,lc_pcbs_2019,78.53767482
2014,Males,Historic,NA,Palestine,72.84819743,NA,NA,NA,2.291196954,NA,NA,NA,lc_pcbs_2019,75.13939439
2015,Females,Historic,NA,Palestine,78.6285377,NA,NA,NA,0.015611066,NA,NA,NA,lc_pcbs_2019,78.64414876
2015,Males,Historic,NA,Palestine,74.69555188,NA,NA,NA,0.151851287,NA,NA,NA,lc_pcbs_2019,74.84740317
2016,Females,Historic,NA,Palestine,78.73855958,NA,NA,NA,0.015619475,NA,NA,NA,lc_pcbs_2019,78.75417906
2016,Males,Historic,NA,Palestine,74.89062518,NA,NA,NA,0.104290922,NA,NA,NA,lc_pcbs_2019,74.9949161
2017,Females,Historic,NA,Palestine,78.94006065,NA,NA,NA,0.004287372,NA,NA,NA,lc_pcbs_2019,78.94434803
2017,Males,Historic,NA,Palestine,75.90275405,NA,NA,NA,0.06811754,NA,NA,NA,lc_pcbs_2019,75.97087159
2018,Females,Historic,NA,Palestine,79.53481833,NA,NA,NA,0.004804397,NA,NA,NA,lc_pcbs_2019,79.53962273
2018,Males,Historic,NA,Palestine,75.38691909,NA,NA,NA,0.328526661,NA,NA,NA,lc_pcbs_2019,75.71544575
2019,Females,Historic,NA,Palestine,79.14676305,NA,NA,NA,0.014321735,NA,NA,NA,lc_pcbs_2019,79.16108478
2019,Males,Historic,NA,Palestine,75.439133,NA,NA,NA,0.136860085,NA,NA,NA,lc_pcbs_2019,75.57599308
2020,Females,Historic,NA,Palestine,77.9899376,NA,NA,NA,0,NA,NA,NA,lc_pcbs_2019,77.9899376
2020,Males,Historic,NA,Palestine,74.03218608,NA,NA,NA,0.026887649,NA,NA,NA,lc_pcbs_2019,74.05907373
2021,Females,Historic,NA,Palestine,76.60529011,NA,NA,NA,0.075738937,NA,NA,NA,lc_pcbs_2019,76.68102904
2021,Males,Historic,NA,Palestine,72.7002301,NA,NA,NA,0.261488699,NA,NA,NA,lc_pcbs_2019,72.9617188
2022,Females,Historic,NA,Palestine,78.86882072,NA,NA,NA,0.014585799,NA,NA,NA,lc_pcbs_2019,78.88340652
2022,Males,Historic,NA,Palestine,74.9624996,NA,NA,NA,0.175516927,NA,NA,NA,lc_pcbs_2019,75.13801652
2012,Females,Historic,NA,West Bank,79.17085982,NA,NA,NA,0,NA,NA,NA,lc_pcbs_2019,79.17085982
2012,Males,Historic,NA,West Bank,75.04200599,NA,NA,NA,0.017714484,NA,NA,NA,lc_pcbs_2019,75.05972048
2013,Females,Historic,NA,West Bank,79.77046355,NA,NA,NA,0.002110012,NA,NA,NA,lc_pcbs_2019,79.77257357
2013,Males,Historic,NA,West Bank,75.73661729,NA,NA,NA,0.052072117,NA,NA,NA,lc_pcbs_2019,75.78868941
2014,Females,Historic,NA,West Bank,79.66959763,NA,NA,NA,0,NA,NA,NA,lc_pcbs_2019,79.66959763
2014,Males,Historic,NA,West Bank,75.98955721,NA,NA,NA,0.096262334,NA,NA,NA,lc_pcbs_2019,76.08581954
2015,Females,Historic,NA,West Bank,79.59941242,NA,NA,NA,0.02125224,NA,NA,NA,lc_pcbs_2019,79.62066466
2015,Males,Historic,NA,West Bank,75.18096863,NA,NA,NA,0.209492928,NA,NA,NA,lc_pcbs_2019,75.39046156
2016,Females,Historic,NA,West Bank,79.64116675,NA,NA,NA,0.020581356,NA,NA,NA,lc_pcbs_2019,79.66174811
2016,Males,Historic,NA,West Bank,75.7311446,NA,NA,NA,0.162169894,NA,NA,NA,lc_pcbs_2019,75.8933145
2017,Females,Historic,NA,West Bank,79.75148231,NA,NA,NA,0.006973501,NA,NA,NA,lc_pcbs_2019,79.75845581
2017,Males,Historic,NA,West Bank,76.67617961,NA,NA,NA,0.068631969,NA,NA,NA,lc_pcbs_2019,76.74481158
2018,Females,Historic,NA,West Bank,80.35506423,NA,NA,NA,0,NA,NA,NA,lc_pcbs_2019,80.35506423
2018,Males,Historic,NA,West Bank,76.74074363,NA,NA,NA,0.067711608,NA,NA,NA,lc_pcbs_2019,76.80845524
2019,Females,Historic,NA,West Bank,79.98828243,NA,NA,NA,0.00464793,NA,NA,NA,lc_pcbs_2019,79.99293036
2019,Males,Historic,NA,West Bank,76.3416506,NA,NA,NA,0.044808375,NA,NA,NA,lc_pcbs_2019,76.38645897
2020,Females,Historic,NA,West Bank,78.63478512,NA,NA,NA,0,NA,NA,NA,lc_pcbs_2019,78.63478512
2020,Males,Historic,NA,West Bank,74.54920102,NA,NA,NA,0.043335436,NA,NA,NA,lc_pcbs_2019,74.59253646
2021,Females,Historic,NA,West Bank,77.581347,NA,NA,NA,0.009932664,NA,NA,NA,lc_pcbs_2019,77.59127967
2021,Males,Historic,NA,West Bank,73.71274436,NA,NA,NA,0.12580256,NA,NA,NA,lc_pcbs_2019,73.83854692
2022,Females,Historic,NA,West Bank,80.16245944,NA,NA,NA,0.014606281,NA,NA,NA,lc_pcbs_2019,80.17706572
2022,Males,Historic,NA,West Bank,75.63410317,NA,NA,NA,0.245994959,NA,NA,NA,lc_pcbs_2019,75.88009813
2012,Total,Historic,NA,Gaza Strip,74.21390163,NA,NA,NA,0.457221821,NA,NA,NA,lc_pcbs_2019,74.67112345
2013,Total,Historic,NA,Gaza Strip,75.20491789,NA,NA,NA,0.015594438,NA,NA,NA,lc_pcbs_2019,75.22051233
2014,Total,Historic,NA,Gaza Strip,71.52181591,NA,NA,NA,3.837608137,NA,NA,NA,lc_pcbs_2019,75.35942404
2015,Total,Historic,NA,Gaza Strip,75.68629131,NA,NA,NA,0.036370076,NA,NA,NA,lc_pcbs_2019,75.72266139
2016,Total,Historic,NA,Gaza Strip,75.58839866,NA,NA,NA,0.012772164,NA,NA,NA,lc_pcbs_2019,75.60117082
2017,Total,Historic,NA,Gaza Strip,76.27226751,NA,NA,NA,0.035124605,NA,NA,NA,lc_pcbs_2019,76.30739212
2018,Total,Historic,NA,Gaza Strip,75.77567187,NA,NA,NA,0.378078458,NA,NA,NA,lc_pcbs_2019,76.15375033
2019,Total,Historic,NA,Gaza Strip,75.95249006,NA,NA,NA,0.157433589,NA,NA,NA,lc_pcbs_2019,76.10992364
2020,Total,Historic,NA,Gaza Strip,75.09066317,NA,NA,NA,0.001271312,NA,NA,NA,lc_pcbs_2019,75.09193449
2021,Total,Historic,NA,Gaza Strip,73.0685048,NA,NA,NA,0.323700953,NA,NA,NA,lc_pcbs_2019,73.39220575
2022,Total,Historic,NA,Gaza Strip,75.48770966,NA,NA,NA,0.045896788,NA,NA,NA,lc_pcbs_2019,75.53360645
2012,Total,Historic,NA,Palestine,75.91613047,NA,NA,NA,0.182435094,NA,NA,NA,lc_pcbs_2019,76.09856557
2013,Total,Historic,NA,Palestine,76.68774833,NA,NA,NA,0.023389508,NA,NA,NA,lc_pcbs_2019,76.71113784
2014,Total,Historic,NA,Palestine,75.26870832,NA,NA,NA,1.579147553,NA,NA,NA,lc_pcbs_2019,76.84785587
2015,Total,Historic,NA,Palestine,76.6549453,NA,NA,NA,0.087950367,NA,NA,NA,lc_pcbs_2019,76.74289566
2016,Total,Historic,NA,Palestine,76.79761613,NA,NA,NA,0.062470608,NA,NA,NA,lc_pcbs_2019,76.86008673
2017,Total,Historic,NA,Palestine,77.42631034,NA,NA,NA,0.037754983,NA,NA,NA,lc_pcbs_2019,77.46406532
2018,Total,Historic,NA,Palestine,77.43469689,NA,NA,NA,0.17632255,NA,NA,NA,lc_pcbs_2019,77.61101944
2019,Total,Historic,NA,Palestine,77.27158606,NA,NA,NA,0.079108036,NA,NA,NA,lc_pcbs_2019,77.3506941
2020,Total,Historic,NA,Palestine,75.94939301,NA,NA,NA,0.014248624,NA,NA,NA,lc_pcbs_2019,75.96364163
2021,Total,Historic,NA,Palestine,74.58153349,NA,NA,NA,0.174429172,NA,NA,NA,lc_pcbs_2019,74.75596266
2022,Total,Historic,NA,Palestine,76.86284296,NA,NA,NA,0.099766851,NA,NA,NA,lc_pcbs_2019,76.96260981
2012,Total,Historic,NA,West Bank,77.10737837,NA,NA,NA,0.009470892,NA,NA,NA,lc_pcbs_2019,77.11684926
2013,Total,Historic,NA,West Bank,77.76205657,NA,NA,NA,0.028646249,NA,NA,NA,lc_pcbs_2019,77.79070281
2014,Total,Historic,NA,West Bank,77.83701102,NA,NA,NA,0.05094556,NA,NA,NA,lc_pcbs_2019,77.88795658
2015,Total,Historic,NA,West Bank,77.35652612,NA,NA,NA,0.121912233,NA,NA,NA,lc_pcbs_2019,77.47843835
2016,Total,Historic,NA,West Bank,77.66557486,NA,NA,NA,0.095637349,NA,NA,NA,lc_pcbs_2019,77.76121221
2017,Total,Historic,NA,West Bank,78.20778653,NA,NA,NA,0.039403766,NA,NA,NA,lc_pcbs_2019,78.2471903
2018,Total,Historic,NA,West Bank,78.52495725,NA,NA,NA,0.035867216,NA,NA,NA,lc_pcbs_2019,78.56082446
2019,Total,Historic,NA,West Bank,78.13837854,NA,NA,NA,0.02583681,NA,NA,NA,lc_pcbs_2019,78.16421535
2020,Total,Historic,NA,West Bank,76.52420738,NA,NA,NA,0.023039347,NA,NA,NA,lc_pcbs_2019,76.54724672
2021,Total,Historic,NA,West Bank,75.57964547,NA,NA,NA,0.071318293,NA,NA,NA,lc_pcbs_2019,75.65096376
2022,Total,Historic,NA,West Bank,77.82252477,NA,NA,NA,0.137910333,NA,NA,NA,lc_pcbs_2019,77.9604351
